Workbook

Sheet Cavalado
B2: Atributos | D2: MOD | F2: Nível | G2: =VLOOKUP(G10,'uns dados aí'!$H$2:$I$22,2,TRUE) -> 8 | K2: Ações
B3: FOR | C3: ='uns dados aí'!C3+(VLOOKUP(B3,Perícias!$O$7:$P$13,2,FALSE)) -> 20 | D3: =ROUNDDOWN((C3-10)/2,0) -> 5 | F3: HP | G3: =H3-L25-SUM(L4:L22) -> 44 | H3: ='uns dados aí'!N2+((G2-1)*'uns dados aí'!C12) -> 65 | K3: Turnos | L3: HP | M3: PM | N3: Descrição
B4: DES | C4: ='uns dados aí'!C4+(VLOOKUP(B4,Perícias!$O$7:$P$13,2,FALSE)) -> 14 | D4: =ROUNDDOWN((C4-10)/2,0) -> 2 | F4: PM | G4: =H4-L26-SUM(M4:M22) -> 29 | H4: ='uns dados aí'!C13*G2 -> 40 | K4: 1 | M4: 3
B5: CON | C5: ='uns dados aí'!C5+(VLOOKUP(B5,Perícias!$O$7:$P$13,2,FALSE)) -> 18 | D5: =ROUNDDOWN((C5-10)/2,0) -> 4 | F5: DEF | G5: =10+D4+C16 -> 22 | K5: 2 | M5: 3
B6: INT | C6: ='uns dados aí'!C6+(VLOOKUP(B6,Perícias!$O$7:$P$13,2,FALSE)) -> 10 | D6: =ROUNDDOWN((C6-10)/2,0) -> 0 | F6: Block | G6: =G5+Perícias!J12 -> 38 | K6: 3 | M6: 5
B7: SAB | C7: ='uns dados aí'!C7+(VLOOKUP(B7,Perícias!$O$7:$P$13,2,FALSE)) -> 10 | D7: =ROUNDDOWN((C7-10)/2,0) -> 0 | F7: Contra-ataque | G7: =Perícias!J27+Perícias!J21 -> 31 | K7: 4 | L7: 13
B8: CAR | C8: ='uns dados aí'!C8+(VLOOKUP(B8,Perícias!$O$7:$P$13,2,FALSE)) -> 10 | D8: =ROUNDDOWN((C8-10)/2,0) -> 0 | F8: Procentagem | G8: 0.5 | K8: 5 | L8: -13
F9: Grana | G9: 706 | K9: 6 | L9: 12
F10: EXP | G10: 28850 | K10: 7 | L10: 23
K11: 8 | L11: -3
B12: Equipamento | K12: 9
K13: 10 | L13: -11
B14: Armadura | F14: Arma | K14: 11
B15: Item | C15: Bônus | D15: Penalidade | F15: Item | G15: Dano | H15: Especial | I15: Crítico | K15: 12
B16: Armadura de Gelo Eterno | C16: =IFERROR(VLOOKUP($B$16,Inventário!$B$3:$F$5,2,FALSE),"") -> 10 | D16: =IFERROR(VLOOKUP($B$16,Inventário!$B$3:$F$5,3,FALSE),"") -> 10 | F16: Espada Bastarda | G16: =IFERROR(VLOOKUP($F$16,Inventário!$B$8:$H$13,2,FALSE),"") -> 1d10/1d12 | H16: =IFERROR(VLOOKUP($F$16,Inventário!$B$8:$H$13,4,FALSE),"") -> 0 | I16: =IFERROR(VLOOKUP($F$16,Inventário!$B$8:$H$13,7,FALSE),"") -> x3 | K16: 13
K17: 14
K18: 15
K19: 16
K20: 17
K21: 18
K22: 20
K24: Status Anteriores
K25: HP
K26: PM

Sheet Poderes
A1: Poderes | I1: Outros Poderes
B3: Nível 1 | D3: Engenhosidade, protótipo | K3: Tipo | L3: Poder | M3: Bônus
B4: Nível 2 | D4: Alquimista iniciado | F4: PI | K4: Raça | L4: Graça de Glorien
B5: Nível 3 | D5: Engenhoqueiro | F5: PI | K5: Raça | L5: Sentidos Elficos
B6: Nível 4 | D6: Síntese Rápida | F6: PI | K6: Raça | L6: Herança Férica
B7: Nível 5 | D7: Armeiro | F7: PI | K7: Origem | L7: Venefício
B8: Nível 6 | D8: Catalisador Instável | F8: PI | K8: Divindade | L8: Voz da Civilização
B9: Nível 7 | D9: Ferreiro | F9: PI
B10: Nível 8 | D10: Alquimista de Batalha | F10: PI
B11: Nível 9
B12: Nível 10
B13: Nível 11
B14: Nível 12
B15: Nível 13
B16: Nível 14
B17: Nível 15
B18: Nível 16
B19: Nível 17
B20: Nível 18
B21: Nível 19
B22: Nível 20

Sheet Testes
B2: Atributos | C2: Teste | D2: D20 | E2: Total | G2: Teste
B3: =Tabela1[[#This Row],[Perícia]] -> Acrobacia | C3: =Tabela1[[#This Row],[Total]] -> -4 | D3: =RANDBETWEEN(1,20) -> 14 | E3: =SUM(C3:D3) -> 10 | G3: Luta | H3: =VLOOKUP(G3,B2:E31,4,FALSE) -> 27
B4: =Tabela1[[#This Row],[Perícia]] -> Adestramento | C4: =Tabela1[[#This Row],[Total]] -> 4 | D4: =RANDBETWEEN(1,20) -> 5 | E4: =SUM(C4:D4) -> 9
B5: =Tabela1[[#This Row],[Perícia]] -> Atletismo | C5: =Tabela1[[#This Row],[Total]] -> 9 | D5: =RANDBETWEEN(1,20) -> 1 | E5: =SUM(C5:D5) -> 10
B6: =Tabela1[[#This Row],[Perícia]] -> Atuação | C6: =Tabela1[[#This Row],[Total]] -> 4 | D6: =RANDBETWEEN(1,20) -> 17 | E6: =SUM(C6:D6) -> 21
B7: =Tabela1[[#This Row],[Perícia]] -> Cavalgar | C7: =Tabela1[[#This Row],[Total]] -> 6 | D7: =RANDBETWEEN(1,20) -> 13 | E7: =SUM(C7:D7) -> 19
B8: =Tabela1[[#This Row],[Perícia]] -> Conhecimento | C8: =Tabela1[[#This Row],[Total]] -> 12 | D8: =RANDBETWEEN(1,20) -> 15 | E8: =SUM(C8:D8) -> 27
B9: =Tabela1[[#This Row],[Perícia]] -> Cura | C9: =Tabela1[[#This Row],[Total]] -> 12 | D9: =RANDBETWEEN(1,20) -> 19 | E9: =SUM(C9:D9) -> 31
B10: =Tabela1[[#This Row],[Perícia]] -> Diplomacia | C10: =Tabela1[[#This Row],[Total]] -> 4 | D10: =RANDBETWEEN(1,20) -> 5 | E10: =SUM(C10:D10) -> 9
B11: =Tabela1[[#This Row],[Perícia]] -> Enganação | C11: =Tabela1[[#This Row],[Total]] -> 4 | D11: =RANDBETWEEN(1,20) -> 12 | E11: =SUM(C11:D11) -> 16
B12: =Tabela1[[#This Row],[Perícia]] -> Fortitude | C12: =Tabela1[[#This Row],[Total]] -> 16 | D12: =RANDBETWEEN(1,20) -> 7 | E12: =SUM(C12:D12) -> 23
B13: =Tabela1[[#This Row],[Perícia]] -> Furtividade | C13: =Tabela1[[#This Row],[Total]] -> -4 | D13: =RANDBETWEEN(1,20) -> 13 | E13: =SUM(C13:D13) -> 9
B14: =Tabela1[[#This Row],[Perícia]] -> Guerra | C14: =Tabela1[[#This Row],[Total]] -> 12 | D14: =RANDBETWEEN(1,20) -> 4 | E14: =SUM(C14:D14) -> 16
B15: =Tabela1[[#This Row],[Perícia]] -> Iniciativa | C15: =Tabela1[[#This Row],[Total]] -> 6 | D15: =RANDBETWEEN(1,20) -> 1 | E15: =SUM(C15:D15) -> 7
... B31: =Tabela1[[#This Row],[Perícia]] -> Religião | C31: =Tabela1[[#This Row],[Total]] -> 4 | D31: =RANDBETWEEN(1,20) -> 8 | E31: =SUM(C31:D31) -> 12

Sheet Livro de Fórmulas
B2: Magia | C2: Tipo | D2: Nível | E2: Círculo | F2: Custo | H2: Custo Círculo
B3: Curar Ferimentos | C3: Divina | D3: 1 | E3: 1 | F3: =IFERROR(VLOOKUP(E3,$H$3:$I$7,2,FALSE)^2*10,"") -> 10 | H3: 1 | I3: 1
B4: Consagrar | C4: Divina | D4: 1 | E4: 1 | F4: =IFERROR(VLOOKUP(E4,$H$3:$I$7,2,FALSE)^2*10,"") -> 10 | H4: 2 | I4: 3
B5: Imagem Espelhada | C5: Arcana | D5: 1 | E5: 1 | F5: =IFERROR(VLOOKUP(E5,$H$3:$I$7,2,FALSE)^2*10,"") -> 10 | H5: 3 | I5: 6
B6: Sono | C6: Arcana | D6: 2 | E6: 1 | F6: =IFERROR(VLOOKUP(E6,$H$3:$I$7,2,FALSE)^2*10,"") -> 10 | H6: 4 | I6: 10
B7: Teia | C7: Arcana | D7: 3 | E7: 1 | F7: =IFERROR(VLOOKUP(E7,$H$3:$I$7,2,FALSE)^2*10,"") -> 10 | H7: 5 | I7: 15
B8: Transmutar Objetos | C8: Arcana | D8: 4 | E8: 1 | F8: =IFERROR(VLOOKUP(E8,$H$3:$I$7,2,FALSE)^2*10,"") -> 10
B9: Toque Chocante | C9: Arcana | D9: 5 | E9: 1 | F9: =IFERROR(VLOOKUP(E9,$H$3:$I$7,2,FALSE)^2*10,"") -> 10
B10: Concentração | C10: Arcana | D10: 6 | E10: 1 | F10: =IFERROR(VLOOKUP(E10,$H$3:$I$7,2,FALSE)^2*10,"") -> 10 | H10: Fazedor de poção 8000
B11: Crânio voador de Vladislav | C11: Arcana | D11: 7 | E11: 2 | F11: =IFERROR(VLOOKUP(E11,$H$3:$I$7,2,FALSE)^2*10,"") -> 90 | H11: Magia | I11: Custo | J11: Qnt. | K11: Total T$
B12: Velocidade | C12: Aracana | D12: 8 | E12: 2 | F12: =IFERROR(VLOOKUP(E12,$H$3:$I$7,2,FALSE)^2*10,"") -> 90 | I12: =IFERROR(VLOOKUP(H12,Tabela2[#All],5,FALSE),"") | K12: =IFERROR((J12*I12),"")
F13: =IFERROR(VLOOKUP(E13,$H$3:$I$7,2,FALSE)^2*10,"") | I13: =IFERROR(VLOOKUP(H13,Tabela2[#All],5,FALSE),"") | K13: =IFERROR((J13*I13),"")
F14: =IFERROR(VLOOKUP(E14,$H$3:$I$7,2,FALSE)^2*10,"") | I14: =IFERROR(VLOOKUP(H14,Tabela2[#All],5,FALSE),"") | K14: =IFERROR((J14*I14),"")
I15: =IFERROR(VLOOKUP(H15,Tabela2[#All],5,FALSE),"") | K15: =IFERROR((J15*I15),"")
F16: =IFERROR(VLOOKUP(E16,$H$3:$I$7,2,FALSE)^2*10,"") | I16: =IFERROR(VLOOKUP(H16,Tabela2[#All],5,FALSE),"") | K16: =IFERROR((J16*I16),"")
F17: =IFERROR(VLOOKUP(E17,$H$3:$I$7,2,FALSE)^2*10,"") | I17: =IFERROR(VLOOKUP(H17,Tabela2[#All],5,FALSE),"") | K17: =IFERROR((J17*I17),"")
F18: =IFERROR(VLOOKUP(E18,$H$3:$I$7,2,FALSE)^2*10,"") | I18: =IFERROR(VLOOKUP(H18,Tabela2[#All],5,FALSE),"") | K18: =IFERROR((J18*I18),"")
F19: =IFERROR(VLOOKUP(E19,$H$3:$I$7,2,FALSE)^2*10,"") | I19: =IFERROR(VLOOKUP(H19,Tabela2[#All],5,FALSE),"") | K19: =IFERROR((J19*I19),"")
F20: =IFERROR(VLOOKUP(E20,$H$3:$I$7,2,FALSE)^2*10,"") | I20: =IFERROR(VLOOKUP(H20,Tabela2[#All],5,FALSE),"") | K20: =IFERROR((J20*I20),"")
F21: =IFERROR(VLOOKUP(E21,$H$3:$I$7,2,FALSE)^2*10,"") | I21: =IFERROR(VLOOKUP(H21,Tabela2[#All],5,FALSE),"") | K21: =IFERROR((J21*I21),"")
F22: =IFERROR(VLOOKUP(E22,$H$3:$I$7,2,FALSE)^2*10,"")
F23: =IFERROR(VLOOKUP(E23,$H$3:$I$7,2,FALSE)^2*10,"")
F24: =IFERROR(VLOOKUP(E24,$H$3:$I$7,2,FALSE)^2*10,"")
F25: =IFERROR(VLOOKUP(E25,$H$3:$I$7,2,FALSE)^2*10,"")
F26: =IFERROR(VLOOKUP(E26,$H$3:$I$7,2,FALSE)^2*10,"")
F27: =IFERROR(VLOOKUP(E27,$H$3:$I$7,2,FALSE)^2*10,"")
F28: =IFERROR(VLOOKUP(E28,$H$3:$I$7,2,FALSE)^2*10,"")
F29: =IFERROR(VLOOKUP(E29,$H$3:$I$7,2,FALSE)^2*10,"")
F30: =IFERROR(VLOOKUP(E30,$H$3:$I$7,2,FALSE)^2*10,"")
F31: =IFERROR(VLOOKUP(E31,$H$3:$I$7,2,FALSE)^2*10,"")
F32: =IFERROR(VLOOKUP(E32,$H$3:$I$7,2,FALSE)^2*10,"")
F33: =IFERROR(VLOOKUP(E33,$H$3:$I$7,2,FALSE)^2*10,"")
... F35: =IFERROR(VLOOKUP(E35,$H$3:$I$7,2,FALSE)^2*10,"")

Sheet Inventário
B2: Armaduras
B3: Item | C3: Bônus | D3: Penalidade | E3: Preço | F3: Peso
B4: Armadura de Gelo Eterno | C4: 10 | D4: 10 | E4: 20 | F4: 15
B7: Armas
B8: Item | C8: Dano | D8: Modificação | E8: Especial | F8: Peso | G8: Tipo | H8: Crítico
B9: Ataque Desarmado | C9: 1d4 | G9: Impacto | H9: x2
B11: Espada Bastarda | C11: 1d10/1d12 | D11: Maciça, Material Especial (adamante), Cruel, Certeira | F11: 3 | G11: Corte | H11: x3
B15: Itens
B16: Item | C16: Bônus | E16: Quantidade | F16: Peso Un. | G16: Peso | H16: Preço Un. | I16: Preço
B17: Kit de ofício (alquimia) | C17: +10 em teste de alquimia | E17: 1 | F17: 4 | G17: =PRODUCT(E17:F17) -> 4 | H17: 30 | I17: =PRODUCT(H17,E17) -> 30
B19: poçao vida | C19: 2d8+2 | E19: 2 | F19: 2 | G19: =PRODUCT(E19:F19) -> 4 | I19: =PRODUCT(H19,E19) -> 2
B21: Imagem espelhada | E21: 1 | F21: 2 | G21: =PRODUCT(E21:F21) -> 2
B22: cristal do balacobaco | E22: 2 | F22: 1 | G22: =PRODUCT(E22:F22) -> 2
B32: Capacidade | C32: =SUM(G17:G29,F9:F13,F4:F5) -> 30 | D32: =Cavalado!C3*3 -> 60
B33: Capacidade Máxima | C33: =Cavalado!C3*10 -> 200
B34: Status | C34: =IF(C32>D32,"Sobrecarga","Sem Penalidade") -> Sem Penalidade

Sheet Perícias
B2: Perícia | C2: ATR | D2: MOD | E2: 1/2 Nível | F2: Treino | G2: Raça | H2: Bônus | I2: Bônus Habilidade | J2: Total | K2: Treinada? | L2: Somente Treinada? | M2: Penalidade de Armadura? | O2: Bônus Treino
B3: Acrobacia | C3: Des | D3: =VLOOKUP(C3,Cavalado!$B$3:$D$8,3,FALSE) -> 2 | E3: =ROUNDDOWN(Cavalado!$G$2/2,0) -> 4 | F3: =IF(Tabela1[[#This Row],[Treinada?]]="sim",VLOOKUP(Cavalado!$G$2,'uns dados aí'!$I$2:$K$22,2,TRUE),"") | J3: =SUM(Tabela1[[#This Row],[MOD]:[Bônus Habilidade]])-IF(Tabela1[[#This Row],[Penalidade de Armadura?]]="sim",Cavalado!$D$16,0) -> -4 | K3: não | L3: — | M3: sim | O3: Nível 1 | P3: 2
B4: Adestramento | C4: Car | D4: =VLOOKUP(C4,Cavalado!$B$3:$D$8,3,FALSE) -> 0 | E4: =ROUNDDOWN(Cavalado!$G$2/2,0) -> 4 | F4: =IF(Tabela1[[#This Row],[Treinada?]]="sim",VLOOKUP(Cavalado!$G$2,'uns dados aí'!$I$2:$K$22,2,TRUE),"") | J4: =SUM(Tabela1[[#This Row],[MOD]:[Bônus Habilidade]])-IF(Tabela1[[#This Row],[Penalidade de Armadura?]]="sim",Cavalado!$D$16,0) -> 4 | K4: não | L4: sim | M4: — | O4: Nível 7 | P4: 4
B5: Atletismo | C5: For | D5: =VLOOKUP(C5,Cavalado!$B$3:$D$8,3,FALSE) -> 5 | E5: =ROUNDDOWN(Cavalado!$G$2/2,0) -> 4 | F5: =IF(Tabela1[[#This Row],[Treinada?]]="sim",VLOOKUP(Cavalado!$G$2,'uns dados aí'!$I$2:$K$22,2,TRUE),"") | J5: =SUM(Tabela1[[#This Row],[MOD]:[Bônus Habilidade]])-IF(Tabela1[[#This Row],[Penalidade de Armadura?]]="sim",Cavalado!$D$16,0) -> 9 | K5: não | L5: — | M5: — | O5: Nível 15 | P5: 6
B6: Atuação | C6: Car | D6: =VLOOKUP(C6,Cavalado!$B$3:$D$8,3,FALSE) -> 0 | E6: =ROUNDDOWN(Cavalado!$G$2/2,0) -> 4 | F6: =IF(Tabela1[[#This Row],[Treinada?]]="sim",VLOOKUP(Cavalado!$G$2,'uns dados aí'!$I$2:$K$22,2,TRUE),"") | J6: =SUM(Tabela1[[#This Row],[MOD]:[Bônus Habilidade]])-IF(Tabela1[[#This Row],[Penalidade de Armadura?]]="sim",Cavalado!$D$16,0) -> 4 | K6: não | L6: — | M6: —
B7: Cavalgar | C7: Des | D7: =VLOOKUP(C7,Cavalado!$B$3:$D$8,3,FALSE) -> 2 | E7: =ROUNDDOWN(Cavalado!$G$2/2,0) -> 4 | F7: =IF(Tabela1[[#This Row],[Treinada?]]="sim",VLOOKUP(Cavalado!$G$2,'uns dados aí'!$I$2:$K$22,2,TRUE),"") | J7: =SUM(Tabela1[[#This Row],[MOD]:[Bônus Habilidade]])-IF(Tabela1[[#This Row],[Penalidade de Armadura?]]="sim",Cavalado!$D$16,0) -> 6 | K7: não | L7: — | M7: — | O7: ATR Alterações
B8: Conhecimento | C8: Int | D8: =VLOOKUP(C8,Cavalado!$B$3:$D$8,3,FALSE) -> 0 | E8: =ROUNDDOWN(Cavalado!$G$2/2,0) -> 4 | F8: =IF(Tabela1[[#This Row],[Treinada?]]="sim",VLOOKUP(Cavalado!$G$2,'uns dados aí'!$I$2:$K$22,2,TRUE),"") -> 8 | J8: =SUM(Tabela1[[#This Row],[MOD]:[Bônus Habilidade]])-IF(Tabela1[[#This Row],[Penalidade de Armadura?]]="sim",Cavalado!$D$16,0) -> 12 | K8: sim | L8: sim | M8: — | O8: FOR | P8: =VLOOKUP(O8,'uns dados aí'!$B$16:$E$22,4,FALSE) -> 4
B9: Cura | C9: Sab | D9: =VLOOKUP(C9,Cavalado!$B$3:$D$8,3,FALSE) -> 0 | E9: =ROUNDDOWN(Cavalado!$G$2/2,0) -> 4 | F9: =IF(Tabela1[[#This Row],[Treinada?]]="sim",VLOOKUP(Cavalado!$G$2,'uns dados aí'!$I$2:$K$22,2,TRUE),"") -> 8 | J9: =SUM(Tabela1[[#This Row],[MOD]:[Bônus Habilidade]])-IF(Tabela1[[#This Row],[Penalidade de Armadura?]]="sim",Cavalado!$D$16,0) -> 12 | K9: sim | L9: — | M9: — | O9: DES | P9: =VLOOKUP(O9,'uns dados aí'!$B$16:$E$22,4,FALSE) -> 0
B10: Diplomacia | C10: Car | D10: =VLOOKUP(C10,Cavalado!$B$3:$D$8,3,FALSE) -> 0 | E10: =ROUNDDOWN(Cavalado!$G$2/2,0) -> 4 | F10: =IF(Tabela1[[#This Row],[Treinada?]]="sim",VLOOKUP(Cavalado!$G$2,'uns dados aí'!$I$2:$K$22,2,TRUE),"") | J10: =SUM(Tabela1[[#This Row],[MOD]:[Bônus Habilidade]])-IF(Tabela1[[#This Row],[Penalidade de Armadura?]]="sim",Cavalado!$D$16,0) -> 4 | K10: não | L10: — | M10: — | O10: CON | P10: =VLOOKUP(O10,'uns dados aí'!$B$16:$E$22,4,FALSE) -> 2
B11: Enganação | C11: Car | D11: =VLOOKUP(C11,Cavalado!$B$3:$D$8,3,FALSE) -> 0 | E11: =ROUNDDOWN(Cavalado!$G$2/2,0) -> 4 | F11: =IF(Tabela1[[#This Row],[Treinada?]]="sim",VLOOKUP(Cavalado!$G$2,'uns dados aí'!$I$2:$K$22,2,TRUE),"") | J11: =SUM(Tabela1[[#This Row],[MOD]:[Bônus Habilidade]])-IF(Tabela1[[#This Row],[Penalidade de Armadura?]]="sim",Cavalado!$D$16,0) -> 4 | K11: não | L11: — | M11: — | O11: INT | P11: =VLOOKUP(O11,'uns dados aí'!$B$16:$E$22,4,FALSE) -> 0
B12: Fortitude | C12: Con | D12: =VLOOKUP(C12,Cavalado!$B$3:$D$8,3,FALSE) -> 4 | E12: =ROUNDDOWN(Cavalado!$G$2/2,0) -> 4 | F12: =IF(Tabela1[[#This Row],[Treinada?]]="sim",VLOOKUP(Cavalado!$G$2,'uns dados aí'!$I$2:$K$22,2,TRUE),"") -> 8 | J12: =SUM(Tabela1[[#This Row],[MOD]:[Bônus Habilidade]])-IF(Tabela1[[#This Row],[Penalidade de Armadura?]]="sim",Cavalado!$D$16,0) -> 16 | K12: sim | L12: — | M12: — | O12: SAB | P12: =VLOOKUP(O12,'uns dados aí'!$B$16:$E$22,4,FALSE) -> -2
B13: Furtividade | C13: Des | D13: =VLOOKUP(C13,Cavalado!$B$3:$D$8,3,FALSE) -> 2 | E13: =ROUNDDOWN(Cavalado!$G$2/2,0) -> 4 | F13: =IF(Tabela1[[#This Row],[Treinada?]]="sim",VLOOKUP(Cavalado!$G$2,'uns dados aí'!$I$2:$K$22,2,TRUE),"") | J13: =SUM(Tabela1[[#This Row],[MOD]:[Bônus Habilidade]])-IF(Tabela1[[#This Row],[Penalidade de Armadura?]]="sim",Cavalado!$D$16,0) -> -4 | K13: não | L13: — | M13: sim | O13: CAR | P13: =VLOOKUP(O13,'uns dados aí'!$B$16:$E$22,4,FALSE) -> 0
B14: Guerra | C14: Int | D14: =VLOOKUP(C14,Cavalado!$B$3:$D$8,3,FALSE) -> 0 | E14: =ROUNDDOWN(Cavalado!$G$2/2,0) -> 4 | F14: =IF(Tabela1[[#This Row],[Treinada?]]="sim",VLOOKUP(Cavalado!$G$2,'uns dados aí'!$I$2:$K$22,2,TRUE),"") -> 8 | J14: =SUM(Tabela1[[#This Row],[MOD]:[Bônus Habilidade]])-IF(Tabela1[[#This Row],[Penalidade de Armadura?]]="sim",Cavalado!$D$16,0) -> 12 | K14: sim | L14: sim | M14: —
B15: Iniciativa | C15: Des | D15: =VLOOKUP(C15,Cavalado!$B$3:$D$8,3,FALSE) -> 2 | E15: =ROUNDDOWN(Cavalado!$G$2/2,0) -> 4 | F15: =IF(Tabela1[[#This Row],[Treinada?]]="sim",VLOOKUP(Cavalado!$G$2,'uns dados aí'!$I$2:$K$22,2,TRUE),"") | J15: =SUM(Tabela1[[#This Row],[MOD]:[Bônus Habilidade]])-IF(Tabela1[[#This Row],[Penalidade de Armadura?]]="sim",Cavalado!$D$16,0) -> 6 | K15: não | L15: — | M15: —
B16: Intimidação | C16: Car | D16: =VLOOKUP(C16,Cavalado!$B$3:$D$8,3,FALSE) -> 0 | E16: =ROUNDDOWN(Cavalado!$G$2/2,0) -> 4 | F16: =IF(Tabela1[[#This Row],[Treinada?]]="sim",VLOOKUP(Cavalado!$G$2,'uns dados aí'!$I$2:$K$22,2,TRUE),"") | J16: =SUM(Tabela1[[#This Row],[MOD]:[Bônus Habilidade]])-IF(Tabela1[[#This Row],[Penalidade de Armadura?]]="sim",Cavalado!$D$16,0) -> 4 | K16: não | L16: — | M16: —
B17: Intuição | C17: Sab | D17: =VLOOKUP(C17,Cavalado!$B$3:$D$8,3,FALSE) -> 0 | E17: =ROUNDDOWN(Cavalado!$G$2/2,0) -> 4 | F17: =IF(Tabela1[[#This Row],[Treinada?]]="sim",VLOOKUP(Cavalado!$G$2,'uns dados aí'!$I$2:$K$22,2,TRUE),"") | J17: =SUM(Tabela1[[#This Row],[MOD]:[Bônus Habilidade]])-IF(Tabela1[[#This Row],[Penalidade de Armadura?]]="sim",Cavalado!$D$16,0) -> 4 | K17: não | L17: — | M17: — | Q17: =IF(P17>P18,"passou demais","")
B18: Investigação | C18: Int | D18: =VLOOKUP(C18,Cavalado!$B$3:$D$8,3,FALSE) -> 0 | E18: =ROUNDDOWN(Cavalado!$G$2/2,0) -> 4 | F18: =IF(Tabela1[[#This Row],[Treinada?]]="sim",VLOOKUP(Cavalado!$G$2,'uns dados aí'!$I$2:$K$22,2,TRUE),"") -> 8 | J18: =SUM(Tabela1[[#This Row],[MOD]:[Bônus Habilidade]])-IF(Tabela1[[#This Row],[Penalidade de Armadura?]]="sim",Cavalado!$D$16,0) -> 12 | K18: sim | L18: — | M18: —
B19: Jogatina | C19: Car | D19: =VLOOKUP(C19,Cavalado!$B$3:$D$8,3,FALSE) -> 0 | E19: =ROUNDDOWN(Cavalado!$G$2/2,0) -> 4 | F19: =IF(Tabela1[[#This Row],[Treinada?]]="sim",VLOOKUP(Cavalado!$G$2,'uns dados aí'!$I$2:$K$22,2,TRUE),"") | J19: =SUM(Tabela1[[#This Row],[MOD]:[Bônus Habilidade]])-IF(Tabela1[[#This Row],[Penalidade de Armadura?]]="sim",Cavalado!$D$16,0) -> 4 | K19: não | L19: sim | M19: —
B20: Ladinagem | C20: Des | D20: =VLOOKUP(C20,Cavalado!$B$3:$D$8,3,FALSE) -> 2 | E20: =ROUNDDOWN(Cavalado!$G$2/2,0) -> 4 | F20: =IF(Tabela1[[#This Row],[Treinada?]]="sim",VLOOKUP(Cavalado!$G$2,'uns dados aí'!$I$2:$K$22,2,TRUE),"") | J20: =SUM(Tabela1[[#This Row],[MOD]:[Bônus Habilidade]])-IF(Tabela1[[#This Row],[Penalidade de Armadura?]]="sim",Cavalado!$D$16,0) -> -4 | K20: não | L20: sim | M20: sim
B21: Luta | C21: For | D21: =VLOOKUP(C21,Cavalado!$B$3:$D$8,3,FALSE) -> 5 | E21: =ROUNDDOWN(Cavalado!$G$2/2,0) -> 4 | F21: =IF(Tabela1[[#This Row],[Treinada?]]="sim",VLOOKUP(Cavalado!$G$2,'uns dados aí'!$I$2:$K$22,2,TRUE),"") -> 8 | J21: =SUM(Tabela1[[#This Row],[MOD]:[Bônus Habilidade]])-IF(Tabela1[[#This Row],[Penalidade de Armadura?]]="sim",Cavalado!$D$16,0) -> 17 | K21: sim | L21: — | M21: —
B22: Misticismo | C22: Int | D22: =VLOOKUP(C22,Cavalado!$B$3:$D$8,3,FALSE) -> 0 | E22: =ROUNDDOWN(Cavalado!$G$2/2,0) -> 4 | F22: =IF(Tabela1[[#This Row],[Treinada?]]="sim",VLOOKUP(Cavalado!$G$2,'uns dados aí'!$I$2:$K$22,2,TRUE),"") -> 8 | G22: 2 | J22: =SUM(Tabela1[[#This Row],[MOD]:[Bônus Habilidade]])-IF(Tabela1[[#This Row],[Penalidade de Armadura?]]="sim",Cavalado!$D$16,0) -> 14 | K22: sim | L22: sim | M22: —
B23: Nobreza | C23: Int | D23: =VLOOKUP(C23,Cavalado!$B$3:$D$8,3,FALSE) -> 0 | E23: =ROUNDDOWN(Cavalado!$G$2/2,0) -> 4 | F23: =IF(Tabela1[[#This Row],[Treinada?]]="sim",VLOOKUP(Cavalado!$G$2,'uns dados aí'!$I$2:$K$22,2,TRUE),"") | J23: =SUM(Tabela1[[#This Row],[MOD]:[Bônus Habilidade]])-IF(Tabela1[[#This Row],[Penalidade de Armadura?]]="sim",Cavalado!$D$16,0) -> 4 | K23: não | L23: sim | M23: —
B24: Ofício (Alquimista) | C24: Int | D24: =VLOOKUP(C24,Cavalado!$B$3:$D$8,3,FALSE) -> 0 | E24: =ROUNDDOWN(Cavalado!$G$2/2,0) -> 4 | F24: =IF(Tabela1[[#This Row],[Treinada?]]="sim",VLOOKUP(Cavalado!$G$2,'uns dados aí'!$I$2:$K$22,2,TRUE),"") -> 8 | J24: =SUM(Tabela1[[#This Row],[MOD]:[Bônus Habilidade]])-IF(Tabela1[[#This Row],[Penalidade de Armadura?]]="sim",Cavalado!$D$16,0) -> 12 | K24: sim | L24: sim | M24: —
B25: Ofício (Armeiro) | C25: Int | D25: =VLOOKUP(C25,Cavalado!$B$3:$D$8,3,FALSE) -> 0 | E25: =ROUNDDOWN(Cavalado!$G$2/2,0) -> 4 | F25: =IF(Tabela1[[#This Row],[Treinada?]]="sim",VLOOKUP(Cavalado!$G$2,'uns dados aí'!$I$2:$K$22,2,TRUE),"") -> 8 | J25: =SUM(Tabela1[[#This Row],[MOD]:[Bônus Habilidade]])-IF(Tabela1[[#This Row],[Penalidade de Armadura?]]="sim",Cavalado!$D$16,0) -> 12 | K25: sim | L25: sim | M25: —
B26: Ofício (Engenhoqueiro) | C26: Int | D26: =VLOOKUP(C26,Cavalado!$B$3:$D$8,3,FALSE) -> 0 | E26: =ROUNDDOWN(Cavalado!$G$2/2,0) -> 4 | F26: =IF(Tabela1[[#This Row],[Treinada?]]="sim",VLOOKUP(Cavalado!$G$2,'uns dados aí'!$I$2:$K$22,2,TRUE),"") -> 8 | J26: =SUM(Tabela1[[#This Row],[MOD]:[Bônus Habilidade]])-IF(Tabela1[[#This Row],[Penalidade de Armadura?]]="sim",Cavalado!$D$16,0) -> 12 | K26: sim | L26: sim | M26: —
B27: Percepção | C27: Sab | D27: =VLOOKUP(C27,Cavalado!$B$3:$D$8,3,FALSE) -> 0 | E27: =ROUNDDOWN(Cavalado!$G$2/2,0) -> 4 | F27: =IF(Tabela1[[#This Row],[Treinada?]]="sim",VLOOKUP(Cavalado!$G$2,'uns dados aí'!$I$2:$K$22,2,TRUE),"") -> 8 | G27: 2 | J27: =SUM(Tabela1[[#This Row],[MOD]:[Bônus Habilidade]])-IF(Tabela1[[#This Row],[Penalidade de Armadura?]]="sim",Cavalado!$D$16,0) -> 14 | K27: sim | L27: — | M27: —
B28: Pilotagem | C28: Des | D28: =VLOOKUP(C28,Cavalado!$B$3:$D$8,3,FALSE) -> 2 | E28: =ROUNDDOWN(Cavalado!$G$2/2,0) -> 4 | F28: =IF(Tabela1[[#This Row],[Treinada?]]="sim",VLOOKUP(Cavalado!$G$2,'uns dados aí'!$I$2:$K$22,2,TRUE),"") | J28: =SUM(Tabela1[[#This Row],[MOD]:[Bônus Habilidade]])-IF(Tabela1[[#This Row],[Penalidade de Armadura?]]="sim",Cavalado!$D$16,0) -> 6 | K28: não | L28: sim | M28: —
B29: Pontaria | C29: Des | D29: =VLOOKUP(C29,Cavalado!$B$3:$D$8,3,FALSE) -> 2 | E29: =ROUNDDOWN(Cavalado!$G$2/2,0) -> 4 | F29: =IF(Tabela1[[#This Row],[Treinada?]]="sim",VLOOKUP(Cavalado!$G$2,'uns dados aí'!$I$2:$K$22,2,TRUE),"") | J29: =SUM(Tabela1[[#This Row],[MOD]:[Bônus Habilidade]])-IF(Tabela1[[#This Row],[Penalidade de Armadura?]]="sim",Cavalado!$D$16,0) -> 6 | K29: não | L29: — | M29: —
B30: Reflexos | C30: Des | D30: =VLOOKUP(C30,Cavalado!$B$3:$D$8,3,FALSE) -> 2 | E30: =ROUNDDOWN(Cavalado!$G$2/2,0) -> 4 | F30: =IF(Tabela1[[#This Row],[Treinada?]]="sim",VLOOKUP(Cavalado!$G$2,'uns dados aí'!$I$2:$K$22,2,TRUE),"") -> 8 | J30: =SUM(Tabela1[[#This Row],[MOD]:[Bônus Habilidade]])-IF(Tabela1[[#This Row],[Penalidade de Armadura?]]="sim",Cavalado!$D$16,0) -> 14 | K30: sim | L30: — | M30: —
B31: Religião | C31: Sab | D31: =VLOOKUP(C31,Cavalado!$B$3:$D$8,3,FALSE) -> 0 | E31: =ROUNDDOWN(Cavalado!$G$2/2,0) -> 4 | F31: =IF(Tabela1[[#This Row],[Treinada?]]="sim",VLOOKUP(Cavalado!$G$2,'uns dados aí'!$I$2:$K$22,2,TRUE),"") | J31: =SUM(Tabela1[[#This Row],[MOD]:[Bônus Habilidade]])-IF(Tabela1[[#This Row],[Penalidade de Armadura?]]="sim",Cavalado!$D$16,0) -> 4 | K31: não | L31: sim | M31: —
B32: Sobrevivência | C32: Sab | D32: =VLOOKUP(C32,Cavalado!$B$3:$D$8,3,FALSE) -> 0 | E32: =ROUNDDOWN(Cavalado!$G$2/2,0) -> 4 | F32: =IF(Tabela1[[#This Row],[Treinada?]]="sim",VLOOKUP(Cavalado!$G$2,'uns dados aí'!$I$2:$K$22,2,TRUE),"") | J32: =SUM(Tabela1[[#This Row],[MOD]:[Bônus Habilidade]])-IF(Tabela1[[#This Row],[Penalidade de Armadura?]]="sim",Cavalado!$D$16,0) -> 4 | K32: não | L32: — | M32: —
B33: Vontade | C33: Sab | D33: =VLOOKUP(C33,Cavalado!$B$3:$D$8,3,FALSE) -> 0 | E33: =ROUNDDOWN(Cavalado!$G$2/2,0) -> 4 | F33: =IF(Tabela1[[#This Row],[Treinada?]]="sim",VLOOKUP(Cavalado!$G$2,'uns dados aí'!$I$2:$K$22,2,TRUE),"") -> 8 | J33: =SUM(Tabela1[[#This Row],[MOD]:[Bônus Habilidade]])-IF(Tabela1[[#This Row],[Penalidade de Armadura?]]="sim",Cavalado!$D$16,0) -> 12 | K33: sim | L33: — | M33: —

Sheet Perícias (Cópia)
B2: Perícia | C2: ATR | D2: MOD | E2: 1/2 Nível | F2: Treino | G2: Raça | H2: Bônus | I2: Bônus Habilidade | J2: Total | K2: Treinada? | L2: Somente Treinada? | M2: Penalidade de Armadura? | O2: Bônus Treino
B3: Acrobacia | C3: Des | D3: =VLOOKUP(C3,Cavalado!$B$3:$D$8,3,FALSE) -> 2 | E3: =VLOOKUP(Cavalado!$G$2,'uns dados aí'!$I$3:$K$22,2,FALSE) -> 8 | F3: =IF(Tabela14[[#This Row],[Treinada?]]="sim",VLOOKUP(Cavalado!$G$2,'uns dados aí'!$E$2:$F$4,2,TRUE),"") | J3: =SUM(Tabela14[[#This Row],[MOD]:[Bônus Habilidade]])-IF(Tabela14[[#This Row],[Penalidade de Armadura?]]="sim",Cavalado!D16,0) -> 0 | K3: não | L3: — | M3: sim | O3: Nível 1 | P3: 2
B4: Adestramento | C4: Car | D4: =VLOOKUP(C4,Cavalado!$B$3:$D$8,3,FALSE) -> 0 | E4: =VLOOKUP(Cavalado!$G$2,'uns dados aí'!$I$3:$K$22,2,FALSE) -> 8 | F4: =IF(Tabela14[[#This Row],[Treinada?]]="sim",VLOOKUP(Cavalado!$G$2,'uns dados aí'!$E$2:$F$4,2,TRUE),"") | J4: =SUM(Tabela14[[#This Row],[MOD]:[Bônus Habilidade]])-IF(Tabela14[[#This Row],[Penalidade de Armadura?]]="sim",Cavalado!D17,0) -> 8 | K4: não | L4: sim | M4: — | O4: Nível 7 | P4: 4
B5: Atletismo | C5: For | D5: =VLOOKUP(C5,Cavalado!$B$3:$D$8,3,FALSE) -> 5 | E5: =VLOOKUP(Cavalado!$G$2,'uns dados aí'!$I$3:$K$22,2,FALSE) -> 8 | F5: =IF(Tabela14[[#This Row],[Treinada?]]="sim",VLOOKUP(Cavalado!$G$2,'uns dados aí'!$E$2:$F$4,2,TRUE),"") | J5: =SUM(Tabela14[[#This Row],[MOD]:[Bônus Habilidade]])-IF(Tabela14[[#This Row],[Penalidade de Armadura?]]="sim",Poderes!C1,0) -> 13 | K5: não | L5: — | M5: — | O5: Nível 15 | P5: 6
B6: Atuação | C6: Car | D6: =VLOOKUP(C6,Cavalado!$B$3:$D$8,3,FALSE) -> 0 | E6: =VLOOKUP(Cavalado!$G$2,'uns dados aí'!$I$3:$K$22,2,FALSE) -> 8 | F6: =IF(Tabela14[[#This Row],[Treinada?]]="sim",VLOOKUP(Cavalado!$G$2,'uns dados aí'!$E$2:$F$4,2,TRUE),"") | J6: =SUM(Tabela14[[#This Row],[MOD]:[Bônus Habilidade]])-IF(Tabela14[[#This Row],[Penalidade de Armadura?]]="sim",Poderes!C2,0) -> 8 | K6: não | L6: — | M6: —
B7: Cavalgar | C7: Des | D7: =VLOOKUP(C7,Cavalado!$B$3:$D$8,3,FALSE) -> 2 | E7: =VLOOKUP(Cavalado!$G$2,'uns dados aí'!$I$3:$K$22,2,FALSE) -> 8 | F7: =IF(Tabela14[[#This Row],[Treinada?]]="sim",VLOOKUP(Cavalado!$G$2,'uns dados aí'!$E$2:$F$4,2,TRUE),"") | J7: =SUM(Tabela14[[#This Row],[MOD]:[Bônus Habilidade]])-IF(Tabela14[[#This Row],[Penalidade de Armadura?]]="sim",Poderes!C3,0) -> 10 | K7: não | L7: — | M7: — | O7: ATR Alterações
B8: Conhecimento | C8: Int | D8: =VLOOKUP(C8,Cavalado!$B$3:$D$8,3,FALSE) -> 0 | E8: =VLOOKUP(Cavalado!$G$2,'uns dados aí'!$I$3:$K$22,2,FALSE) -> 8 | F8: =IF(Tabela14[[#This Row],[Treinada?]]="sim",VLOOKUP(Cavalado!$G$2,'uns dados aí'!$E$2:$F$4,2,TRUE),"") -> 4 | J8: =SUM(Tabela14[[#This Row],[MOD]:[Bônus Habilidade]])-IF(Tabela14[[#This Row],[Penalidade de Armadura?]]="sim",Poderes!C4,0) -> 12 | K8: sim | L8: sim | M8: — | O8: FOR | P8: =VLOOKUP(O8,'uns dados aí'!$B$16:$E$22,4,FALSE) -> 4
B9: Cura | C9: Sab | D9: =VLOOKUP(C9,Cavalado!$B$3:$D$8,3,FALSE) -> 0 | E9: =VLOOKUP(Cavalado!$G$2,'uns dados aí'!$I$3:$K$22,2,FALSE) -> 8 | F9: =IF(Tabela14[[#This Row],[Treinada?]]="sim",VLOOKUP(Cavalado!$G$2,'uns dados aí'!$E$2:$F$4,2,TRUE),"") -> 4 | J9: =SUM(Tabela14[[#This Row],[MOD]:[Bônus Habilidade]])-IF(Tabela14[[#This Row],[Penalidade de Armadura?]]="sim",Poderes!C5,0) -> 12 | K9: sim | L9: — | M9: — | O9: DES | P9: =VLOOKUP(O9,'uns dados aí'!$B$16:$E$22,4,FALSE) -> 0
B10: Diplomacia | C10: Car | D10: =VLOOKUP(C10,Cavalado!$B$3:$D$8,3,FALSE) -> 0 | E10: =VLOOKUP(Cavalado!$G$2,'uns dados aí'!$I$3:$K$22,2,FALSE) -> 8 | F10: =IF(Tabela14[[#This Row],[Treinada?]]="sim",VLOOKUP(Cavalado!$G$2,'uns dados aí'!$E$2:$F$4,2,TRUE),"") | J10: =SUM(Tabela14[[#This Row],[MOD]:[Bônus Habilidade]])-IF(Tabela14[[#This Row],[Penalidade de Armadura?]]="sim",Poderes!C6,0) -> 8 | K10: não | L10: — | M10: — | O10: CON | P10: =VLOOKUP(O10,'uns dados aí'!$B$16:$E$22,4,FALSE) -> 2
B11: Enganação | C11: Car | D11: =VLOOKUP(C11,Cavalado!$B$3:$D$8,3,FALSE) -> 0 | E11: =VLOOKUP(Cavalado!$G$2,'uns dados aí'!$I$3:$K$22,2,FALSE) -> 8 | F11: =IF(Tabela14[[#This Row],[Treinada?]]="sim",VLOOKUP(Cavalado!$G$2,'uns dados aí'!$E$2:$F$4,2,TRUE),"") | J11: =SUM(Tabela14[[#This Row],[MOD]:[Bônus Habilidade]])-IF(Tabela14[[#This Row],[Penalidade de Armadura?]]="sim",Poderes!C7,0) -> 8 | K11: não | L11: — | M11: — | O11: INT | P11: =VLOOKUP(O11,'uns dados aí'!$B$16:$E$22,4,FALSE) -> 0
B12: Fortitude | C12: Con | D12: =VLOOKUP(C12,Cavalado!$B$3:$D$8,3,FALSE) -> 4 | E12: =VLOOKUP(Cavalado!$G$2,'uns dados aí'!$I$3:$K$22,2,FALSE) -> 8 | F12: =IF(Tabela14[[#This Row],[Treinada?]]="sim",VLOOKUP(Cavalado!$G$2,'uns dados aí'!$E$2:$F$4,2,TRUE),"") | J12: =SUM(Tabela14[[#This Row],[MOD]:[Bônus Habilidade]])-IF(Tabela14[[#This Row],[Penalidade de Armadura?]]="sim",Poderes!C8,0) -> 12 | K12: não | L12: — | M12: — | O12: SAB | P12: =VLOOKUP(O12,'uns dados aí'!$B$16:$E$22,4,FALSE) -> -2
B13: Furtividade | C13: Des | D13: =VLOOKUP(C13,Cavalado!$B$3:$D$8,3,FALSE) -> 2 | E13: =VLOOKUP(Cavalado!$G$2,'uns dados aí'!$I$3:$K$22,2,FALSE) -> 8 | F13: =IF(Tabela14[[#This Row],[Treinada?]]="sim",VLOOKUP(Cavalado!$G$2,'uns dados aí'!$E$2:$F$4,2,TRUE),"") | J13: =SUM(Tabela14[[#This Row],[MOD]:[Bônus Habilidade]])-IF(Tabela14[[#This Row],[Penalidade de Armadura?]]="sim",Poderes!C9,0) -> 10 | K13: não | L13: — | M13: sim | O13: CAR | P13: =VLOOKUP(O13,'uns dados aí'!$B$16:$E$22,4,FALSE) -> 0
B14: Guerra | C14: Int | D14: =VLOOKUP(C14,Cavalado!$B$3:$D$8,3,FALSE) -> 0 | E14: =VLOOKUP(Cavalado!$G$2,'uns dados aí'!$I$3:$K$22,2,FALSE) -> 8 | F14: =IF(Tabela14[[#This Row],[Treinada?]]="sim",VLOOKUP(Cavalado!$G$2,'uns dados aí'!$E$2:$F$4,2,TRUE),"") -> 4 | H14: 1 | J14: =SUM(Tabela14[[#This Row],[MOD]:[Bônus Habilidade]])-IF(Tabela14[[#This Row],[Penalidade de Armadura?]]="sim",Poderes!C10,0) -> 13 | K14: sim | L14: sim | M14: —
B15: Iniciativa | C15: Des | D15: =VLOOKUP(C15,Cavalado!$B$3:$D$8,3,FALSE) -> 2 | E15: =VLOOKUP(Cavalado!$G$2,'uns dados aí'!$I$3:$K$22,2,FALSE) -> 8 | F15: =IF(Tabela14[[#This Row],[Treinada?]]="sim",VLOOKUP(Cavalado!$G$2,'uns dados aí'!$E$2:$F$4,2,TRUE),"") | J15: =SUM(Tabela14[[#This Row],[MOD]:[Bônus Habilidade]])-IF(Tabela14[[#This Row],[Penalidade de Armadura?]]="sim",Poderes!C11,0) -> 10 | K15: não | L15: — | M15: —
B16: Intimidação | C16: Car | D16: =VLOOKUP(C16,Cavalado!$B$3:$D$8,3,FALSE) -> 0 | E16: =VLOOKUP(Cavalado!$G$2,'uns dados aí'!$I$3:$K$22,2,FALSE) -> 8 | F16: =IF(Tabela14[[#This Row],[Treinada?]]="sim",VLOOKUP(Cavalado!$G$2,'uns dados aí'!$E$2:$F$4,2,TRUE),"") | J16: =SUM(Tabela14[[#This Row],[MOD]:[Bônus Habilidade]])-IF(Tabela14[[#This Row],[Penalidade de Armadura?]]="sim",Poderes!C12,0) -> 8 | K16: não | L16: — | M16: —
B17: Intuição | C17: Sab | D17: =VLOOKUP(C17,Cavalado!$B$3:$D$8,3,FALSE) -> 0 | E17: =VLOOKUP(Cavalado!$G$2,'uns dados aí'!$I$3:$K$22,2,FALSE) -> 8 | F17: =IF(Tabela14[[#This Row],[Treinada?]]="sim",VLOOKUP(Cavalado!$G$2,'uns dados aí'!$E$2:$F$4,2,TRUE),"") | J17: =SUM(Tabela14[[#This Row],[MOD]:[Bônus Habilidade]])-IF(Tabela14[[#This Row],[Penalidade de Armadura?]]="sim",Poderes!C13,0) -> 8 | K17: não | L17: — | M17: —
B18: Investigação | C18: Int | D18: =VLOOKUP(C18,Cavalado!$B$3:$D$8,3,FALSE) -> 0 | E18: =VLOOKUP(Cavalado!$G$2,'uns dados aí'!$I$3:$K$22,2,FALSE) -> 8 | F18: =IF(Tabela14[[#This Row],[Treinada?]]="sim",VLOOKUP(Cavalado!$G$2,'uns dados aí'!$E$2:$F$4,2,TRUE),"") -> 4 | J18: =SUM(Tabela14[[#This Row],[MOD]:[Bônus Habilidade]])-IF(Tabela14[[#This Row],[Penalidade de Armadura?]]="sim",Poderes!C14,0) -> 12 | K18: sim | L18: — | M18: —
B19: Jogatina | C19: Car | D19: =VLOOKUP(C19,Cavalado!$B$3:$D$8,3,FALSE) -> 0 | E19: =VLOOKUP(Cavalado!$G$2,'uns dados aí'!$I$3:$K$22,2,FALSE) -> 8 | F19: =IF(Tabela14[[#This Row],[Treinada?]]="sim",VLOOKUP(Cavalado!$G$2,'uns dados aí'!$E$2:$F$4,2,TRUE),"") | J19: =SUM(Tabela14[[#This Row],[MOD]:[Bônus Habilidade]])-IF(Tabela14[[#This Row],[Penalidade de Armadura?]]="sim",Poderes!C15,0) -> 8 | K19: não | L19: sim | M19: —
B20: Ladinagem | C20: Des | D20: =VLOOKUP(C20,Cavalado!$B$3:$D$8,3,FALSE) -> 2 | E20: =VLOOKUP(Cavalado!$G$2,'uns dados aí'!$I$3:$K$22,2,FALSE) -> 8 | F20: =IF(Tabela14[[#This Row],[Treinada?]]="sim",VLOOKUP(Cavalado!$G$2,'uns dados aí'!$E$2:$F$4,2,TRUE),"") | J20: =SUM(Tabela14[[#This Row],[MOD]:[Bônus Habilidade]])-IF(Tabela14[[#This Row],[Penalidade de Armadura?]]="sim",Poderes!C16,0) -> 10 | K20: não | L20: sim | M20: sim
B21: Luta | C21: For | D21: =VLOOKUP(C21,Cavalado!$B$3:$D$8,3,FALSE) -> 5 | E21: =VLOOKUP(Cavalado!$G$2,'uns dados aí'!$I$3:$K$22,2,FALSE) -> 8 | F21: =IF(Tabela14[[#This Row],[Treinada?]]="sim",VLOOKUP(Cavalado!$G$2,'uns dados aí'!$E$2:$F$4,2,TRUE),"") -> 4 | J21: =SUM(Tabela14[[#This Row],[MOD]:[Bônus Habilidade]])-IF(Tabela14[[#This Row],[Penalidade de Armadura?]]="sim",Poderes!C17,0) -> 17 | K21: sim | L21: — | M21: —
B22: Misticismo | C22: Int | D22: =VLOOKUP(C22,Cavalado!$B$3:$D$8,3,FALSE) -> 0 | E22: =VLOOKUP(Cavalado!$G$2,'uns dados aí'!$I$3:$K$22,2,FALSE) -> 8 | F22: =IF(Tabela14[[#This Row],[Treinada?]]="sim",VLOOKUP(Cavalado!$G$2,'uns dados aí'!$E$2:$F$4,2,TRUE),"") -> 4 | G22: 2 | J22: =SUM(Tabela14[[#This Row],[MOD]:[Bônus Habilidade]])-IF(Tabela14[[#This Row],[Penalidade de Armadura?]]="sim",Poderes!C18,0) -> 14 | K22: sim | L22: sim | M22: —
B23: Nobreza | C23: Int | D23: =VLOOKUP(C23,Cavalado!$B$3:$D$8,3,FALSE) -> 0 | E23: =VLOOKUP(Cavalado!$G$2,'uns dados aí'!$I$3:$K$22,2,FALSE) -> 8 | F23: =IF(Tabela14[[#This Row],[Treinada?]]="sim",VLOOKUP(Cavalado!$G$2,'uns dados aí'!$E$2:$F$4,2,TRUE),"") | J23: =SUM(Tabela14[[#This Row],[MOD]:[Bônus Habilidade]])-IF(Tabela14[[#This Row],[Penalidade de Armadura?]]="sim",Poderes!C19,0) -> 8 | K23: não | L23: sim | M23: —
B24: Ofício (Alquimista) | C24: Int | D24: =VLOOKUP(C24,Cavalado!$B$3:$D$8,3,FALSE) -> 0 | E24: =VLOOKUP(Cavalado!$G$2,'uns dados aí'!$I$3:$K$22,2,FALSE) -> 8 | F24: =IF(Tabela14[[#This Row],[Treinada?]]="sim",VLOOKUP(Cavalado!$G$2,'uns dados aí'!$E$2:$F$4,2,TRUE),"") -> 4 | J24: =SUM(Tabela14[[#This Row],[MOD]:[Bônus Habilidade]])-IF(Tabela14[[#This Row],[Penalidade de Armadura?]]="sim",Poderes!C20,0) -> 12 | K24: sim | L24: sim | M24: —
B25: Ofício (Armeiro) | C25: Int | D25: =VLOOKUP(C25,Cavalado!$B$3:$D$8,3,FALSE) -> 0 | E25: =VLOOKUP(Cavalado!$G$2,'uns dados aí'!$I$3:$K$22,2,FALSE) -> 8 | F25: =IF(Tabela14[[#This Row],[Treinada?]]="sim",VLOOKUP(Cavalado!$G$2,'uns dados aí'!$E$2:$F$4,2,TRUE),"") -> 4 | J25: =SUM(Tabela14[[#This Row],[MOD]:[Bônus Habilidade]])-IF(Tabela14[[#This Row],[Penalidade de Armadura?]]="sim",Poderes!C21,0) -> 12 | K25: sim | L25: sim | M25: —
B26: Ofício (Engenhoqueiro) | C26: Int | D26: =VLOOKUP(C26,Cavalado!$B$3:$D$8,3,FALSE) -> 0 | E26: =VLOOKUP(Cavalado!$G$2,'uns dados aí'!$I$3:$K$22,2,FALSE) -> 8 | F26: =IF(Tabela14[[#This Row],[Treinada?]]="sim",VLOOKUP(Cavalado!$G$2,'uns dados aí'!$E$2:$F$4,2,TRUE),"") -> 4 | J26: =SUM(Tabela14[[#This Row],[MOD]:[Bônus Habilidade]])-IF(Tabela14[[#This Row],[Penalidade de Armadura?]]="sim",Poderes!C22,0) -> 12 | K26: sim | L26: sim | M26: —
B27: Percepção | C27: Sab | D27: =VLOOKUP(C27,Cavalado!$B$3:$D$8,3,FALSE) -> 0 | E27: =VLOOKUP(Cavalado!$G$2,'uns dados aí'!$I$3:$K$22,2,FALSE) -> 8 | F27: =IF(Tabela14[[#This Row],[Treinada?]]="sim",VLOOKUP(Cavalado!$G$2,'uns dados aí'!$E$2:$F$4,2,TRUE),"") -> 4 | G27: 2 | J27: =SUM(Tabela14[[#This Row],[MOD]:[Bônus Habilidade]])-IF(Tabela14[[#This Row],[Penalidade de Armadura?]]="sim",Cavalado!D40,0) -> 14 | K27: sim | L27: — | M27: —
B28: Pilotagem | C28: Des | D28: =VLOOKUP(C28,Cavalado!$B$3:$D$8,3,FALSE) -> 2 | E28: =VLOOKUP(Cavalado!$G$2,'uns dados aí'!$I$3:$K$22,2,FALSE) -> 8 | F28: =IF(Tabela14[[#This Row],[Treinada?]]="sim",VLOOKUP(Cavalado!$G$2,'uns dados aí'!$E$2:$F$4,2,TRUE),"") | J28: =SUM(Tabela14[[#This Row],[MOD]:[Bônus Habilidade]])-IF(Tabela14[[#This Row],[Penalidade de Armadura?]]="sim",Poderes!K1,0) -> 10 | K28: não | L28: sim | M28: —
B29: Pontaria | C29: Des | D29: =VLOOKUP(C29,Cavalado!$B$3:$D$8,3,FALSE) -> 2 | E29: =VLOOKUP(Cavalado!$G$2,'uns dados aí'!$I$3:$K$22,2,FALSE) -> 8 | F29: =IF(Tabela14[[#This Row],[Treinada?]]="sim",VLOOKUP(Cavalado!$G$2,'uns dados aí'!$E$2:$F$4,2,TRUE),"") | J29: =SUM(Tabela14[[#This Row],[MOD]:[Bônus Habilidade]])-IF(Tabela14[[#This Row],[Penalidade de Armadura?]]="sim",Poderes!K2,0) -> 10 | K29: não | L29: — | M29: —
B30: Reflexos | C30: Des | D30: =VLOOKUP(C30,Cavalado!$B$3:$D$8,3,FALSE) -> 2 | E30: =VLOOKUP(Cavalado!$G$2,'uns dados aí'!$I$3:$K$22,2,FALSE) -> 8 | F30: =IF(Tabela14[[#This Row],[Treinada?]]="sim",VLOOKUP(Cavalado!$G$2,'uns dados aí'!$E$2:$F$4,2,TRUE),"") -> 4 | J30: =SUM(Tabela14[[#This Row],[MOD]:[Bônus Habilidade]])-IF(Tabela14[[#This Row],[Penalidade de Armadura?]]="sim",Poderes!#REF!,0) -> 14 | K30: sim | L30: — | M30: —
B31: Religião | C31: Sab | D31: =VLOOKUP(C31,Cavalado!$B$3:$D$8,3,FALSE) -> 0 | E31: =VLOOKUP(Cavalado!$G$2,'uns dados aí'!$I$3:$K$22,2,FALSE) -> 8 | F31: =IF(Tabela14[[#This Row],[Treinada?]]="sim",VLOOKUP(Cavalado!$G$2,'uns dados aí'!$E$2:$F$4,2,TRUE),"") -> 4 | J31: =SUM(Tabela14[[#This Row],[MOD]:[Bônus Habilidade]])-IF(Tabela14[[#This Row],[Penalidade de Armadura?]]="sim",Poderes!#REF!,0) -> 12 | K31: sim | L31: sim | M31: —
B32: Sobrevivência | C32: Sab | D32: =VLOOKUP(C32,Cavalado!$B$3:$D$8,3,FALSE) -> 0 | E32: =VLOOKUP(Cavalado!$G$2,'uns dados aí'!$I$3:$K$22,2,FALSE) -> 8 | F32: =IF(Tabela14[[#This Row],[Treinada?]]="sim",VLOOKUP(Cavalado!$G$2,'uns dados aí'!$E$2:$F$4,2,TRUE),"") | J32: =SUM(Tabela14[[#This Row],[MOD]:[Bônus Habilidade]])-IF(Tabela14[[#This Row],[Penalidade de Armadura?]]="sim",Poderes!#REF!,0) -> 8 | K32: não | L32: — | M32: —
B33: Vontade | C33: Sab | D33: =VLOOKUP(C33,Cavalado!$B$3:$D$8,3,FALSE) -> 0 | E33: =VLOOKUP(Cavalado!$G$2,'uns dados aí'!$I$3:$K$22,2,FALSE) -> 8 | F33: =IF(Tabela14[[#This Row],[Treinada?]]="sim",VLOOKUP(Cavalado!$G$2,'uns dados aí'!$E$2:$F$4,2,TRUE),"") -> 4 | J33: =SUM(Tabela14[[#This Row],[MOD]:[Bônus Habilidade]])-IF(Tabela14[[#This Row],[Penalidade de Armadura?]]="sim",Poderes!#REF!,0) -> 12 | K33: sim | L33: — | M33: —

Sheet uns dados aí
B2: ATR Base | E2: 1 | F2: 2 | H2: Pontos de Experiência | I2: Nível de Personagem | J2: Treino | K2: Bônus em Perícias | M2: PV classe | N2: =12+Cavalado!D5 -> 16
B3: FOR | C3: 16 | E3: 7 | F3: 4 | H3: 0 | I3: 1 | J3: 2 | K3: =ROUNDDOWN(I3/2,0) -> 0 | M3: PM classe | N3: 4
B4: DES | C4: 14 | E4: 15 | F4: 6 | H4: 1000 | I4: 2 | J4: =I4+K4 -> 3 | K4: =ROUNDDOWN(I4/2,0) -> 1 | M4: PM raça | N4: 1
B5: CON | C5: 16 | H5: 3000 | I5: 3 | J5: 3 | K5: =ROUNDDOWN(I5/2,0) -> 1
B6: INT | C6: 10 | H6: 6000 | I6: 4 | J6: 4 | K6: =ROUNDDOWN(I6/2,0) -> 2
B7: SAB | C7: 12 | H7: 10000 | I7: 5 | J7: 4 | K7: =ROUNDDOWN(I7/2,0) -> 2
B8: CAR | C8: 10 | H8: 15000 | I8: 6 | J8: 5 | K8: =ROUNDDOWN(I8/2,0) -> 3
H9: 21000 | I9: 7 | J9: 7 | K9: =ROUNDDOWN(I9/2,0) -> 3
H10: 28000 | I10: 8 | J10: 8 | K10: =ROUNDDOWN(I10/2,0) -> 4
H11: 36000 | I11: 9 | J11: 8 | K11: =ROUNDDOWN(I11/2,0) -> 4
B12: PV P/nv | C12: =3+Cavalado!D5 -> 7 | H12: 45000 | I12: 10 | J12: 9 | K12: =ROUNDDOWN(I12/2,0) -> 5
B13: Mana P/nv | C13: =SUM(N3:N4) -> 5 | H13: 55000 | I13: 11 | J13: 9 | K13: =ROUNDDOWN(I13/2,0) -> 5
H14: 66000 | I14: 12 | J14: 10 | K14: =ROUNDDOWN(I14/2,0) -> 6
H15: 78000 | I15: 13 | J15: 10 | K15: =ROUNDDOWN(I15/2,0) -> 6
B16: ATR | C16: Bônus Raça | D16: Aumento ATR | E16: Total | H16: 91000 | I16: 14 | J16: 11 | K16: =ROUNDDOWN(I16/2,0) -> 7
B17: FOR | C17: 4 | E17: 4 | H17: 105000 | I17: 15 | J17: 13 | K17: =ROUNDDOWN(I17/2,0) -> 7
B18: DES | C18: 0 | E18: =SUM(C18:D18) -> 0 | H18: 120000 | I18: 16 | J18: 14 | K18: =ROUNDDOWN(I18/2,0) -> 8
B19: CON | C19: 2 | E19: =SUM(C19:D19) -> 2 | H19: 136000 | I19: 17 | J19: 14 | K19: =ROUNDDOWN(I19/2,0) -> 8
B20: INT | C20: 0 | E20: =SUM(C20:D20) -> 0 | H20: 153000 | I20: 18 | J20: 15 | K20: =ROUNDDOWN(I20/2,0) -> 9
B21: SAB | C21: -2 | E21: =SUM(C21:D21) -> -2 | H21: 171000 | I21: 19 | J21: 15 | K21: =ROUNDDOWN(I21/2,0) -> 9
B22: CAR | C22: 0 | E22: =SUM(C22:D22) -> 0 | H22: 190000 | I22: 20 | J22: 16 | K22: =ROUNDDOWN(I22/2,0) -> 10
