Workbook

Sheet Ligma
B2: Atributos | D2: MOD | F2: Nível | G2: =VLOOKUP(G10,'uns dados aí'!$H$2:$I$22,2,TRUE) -> 1 | K2: Ações
B3: FOR | C3: ='uns dados aí'!C3+(VLOOKUP(B3,Perícias!$O$7:$P$13,2,FALSE)) -> 16 | D3: =ROUNDDOWN((C3-10)/2,0) -> 3 | F3: HP | G3: =H3-L25-SUM(L4:L22) -> 13 | H3: ='uns dados aí'!M2+((G2-1)*'uns dados aí'!C12) -> 13 | K3: Turnos | L3: HP | M3: PM | N3: Descrição
B4: DES | C4: ='uns dados aí'!C4+(VLOOKUP(B4,Perícias!$O$7:$P$13,2,FALSE)) -> 17 | D4: =ROUNDDOWN((C4-10)/2,0) -> 3 | F4: PM | G4: =H4-L26-SUM(M4:M22) -> 5 | H4: ='uns dados aí'!C13*G2 -> 5 | K4: 1
B5: CON | C5: ='uns dados aí'!C5+(VLOOKUP(B5,Perícias!$O$7:$P$13,2,FALSE)) -> 13 | D5: =ROUNDDOWN((C5-10)/2,0) -> 1 | F5: DEF | G5: =10+D4+C16 -> 15 | K5: 2
B6: INT | C6: ='uns dados aí'!C6+(VLOOKUP(B6,Perícias!$O$7:$P$13,2,FALSE)) -> 20 | D6: =ROUNDDOWN((C6-10)/2,0) -> 5 | F6: Block | G6: =G5+Perícias!J12 -> 16 | K6: 3
B7: SAB | C7: ='uns dados aí'!C7+(VLOOKUP(B7,Perícias!$O$7:$P$13,2,FALSE)) -> 16 | D7: =ROUNDDOWN((C7-10)/2,0) -> 3 | F7: Contra-ataque | G7: =Perícias!J27+Perícias!J21 -> 12 | K7: 4
B8: CAR | C8: ='uns dados aí'!C8+(VLOOKUP(B8,Perícias!$O$7:$P$13,2,FALSE)) -> 14 | D8: =ROUNDDOWN((C8-10)/2,0) -> 2 | F8: Procentagem | G8: 0.5 | K8: 5
F9: Grana | K9: 6
F10: EXP | G10: 0 | K10: 7
K11: 8
B12: Equipamento | K12: 9
K13: 10
B14: Armadura | F14: Arma | K14: 11
B15: Item | C15: Bônus | D15: Penalidade | F15: Item | G15: Dano | H15: Especial | I15: Crítico | K15: 12
B16: Armadura de Couro | C16: =IFERROR(VLOOKUP($B$16,Inventário!$B$3:$E$5,2,FALSE),"") -> 2 | D16: =IFERROR(VLOOKUP($B$16,Inventário!$B$3:$E$5,3,FALSE),"") -> 0 | F16: Ataque Desarmado | G16: =IFERROR(VLOOKUP($F$16,Inventário!$B$8:$E$13,2,FALSE),"") -> 1d4 | H16: =IFERROR(VLOOKUP($F$16,Inventário!$B$8:$E$13,3,FALSE),"") -> 0 | I16: =IFERROR(VLOOKUP($F$16,Inventário!$B$8:$E$13,4,FALSE),"") -> 0 | K16: 13
K17: 14
K18: 15
K19: 16
K20: 17
K21: 18
K22: 20
K24: Status Anteriores
K25: HP
K26: PM

Sheet Poderes
A1: Poderes | I1: Outros Poderes
B3: Nível 1 | D3: Engenhosidade, protótipo | K3: Tipo | L3: Poder | M3: Bônus
B4: Nível 2 | K4: Raça | L4: Graça de Glorien
B5: Nível 3 | K5: Raça | L5: Sentidos Elficos
B6: Nível 4 | K6: Raça | L6: Herança Férica
B7: Nível 5 | K7: Origem | L7: Aparência inofensiva
B8: Nível 6 | K8: Divindade | L8: Voz da Civilização
B9: Nível 7
B10: Nível 8
B11: Nível 9
B12: Nível 10
B13: Nível 11
B14: Nível 12
B15: Nível 13
B16: Nível 14
B17: Nível 15
B18: Nível 16
B19: Nível 17
B20: Nível 18
... B22: Nível 20

Sheet Testes
B2: Atributos | C2: Teste | D2: D20 | E2: Total | G2: Teste
B3: =Tabela1[[#This Row],[Perícia]] -> Acrobacia | C3: =Tabela1[[#This Row],[Total]] -> 3 | D3: =RANDBETWEEN(1,20) -> 12 | E3: =SUM(C3:D3) -> 15 | G3: Luta | H3: =VLOOKUP(G3,B2:E31,4,FALSE) -> 6
B4: =Tabela1[[#This Row],[Perícia]] -> Adestramento | C4: =Tabela1[[#This Row],[Total]] -> 2 | D4: =RANDBETWEEN(1,20) -> 1 | E4: =SUM(C4:D4) -> 3
B5: =Tabela1[[#This Row],[Perícia]] -> Atletismo | C5: =Tabela1[[#This Row],[Total]] -> 3 | D5: =RANDBETWEEN(1,20) -> 1 | E5: =SUM(C5:D5) -> 4
B6: =Tabela1[[#This Row],[Perícia]] -> Atuação | C6: =Tabela1[[#This Row],[Total]] -> 2 | D6: =RANDBETWEEN(1,20) -> 19 | E6: =SUM(C6:D6) -> 21
B7: =Tabela1[[#This Row],[Perícia]] -> Cavalgar | C7: =Tabela1[[#This Row],[Total]] -> 3 | D7: =RANDBETWEEN(1,20) -> 5 | E7: =SUM(C7:D7) -> 8
B8: =Tabela1[[#This Row],[Perícia]] -> Conhecimento | C8: =Tabela1[[#This Row],[Total]] -> 7 | D8: =RANDBETWEEN(1,20) -> 1 | E8: =SUM(C8:D8) -> 8
B9: =Tabela1[[#This Row],[Perícia]] -> Cura | C9: =Tabela1[[#This Row],[Total]] -> 5 | D9: =RANDBETWEEN(1,20) -> 1 | E9: =SUM(C9:D9) -> 6
B10: =Tabela1[[#This Row],[Perícia]] -> Diplomacia | C10: =Tabela1[[#This Row],[Total]] -> 2 | D10: =RANDBETWEEN(1,20) -> 7 | E10: =SUM(C10:D10) -> 9
B11: =Tabela1[[#This Row],[Perícia]] -> Enganação | C11: =Tabela1[[#This Row],[Total]] -> 2 | D11: =RANDBETWEEN(1,20) -> 7 | E11: =SUM(C11:D11) -> 9
B12: =Tabela1[[#This Row],[Perícia]] -> Fortitude | C12: =Tabela1[[#This Row],[Total]] -> 1 | D12: =RANDBETWEEN(1,20) -> 7 | E12: =SUM(C12:D12) -> 8
B13: =Tabela1[[#This Row],[Perícia]] -> Furtividade | C13: =Tabela1[[#This Row],[Total]] -> 3 | D13: =RANDBETWEEN(1,20) -> 7 | E13: =SUM(C13:D13) -> 10
B14: =Tabela1[[#This Row],[Perícia]] -> Guerra | C14: =Tabela1[[#This Row],[Total]] -> 8 | D14: =RANDBETWEEN(1,20) -> 1 | E14: =SUM(C14:D14) -> 9
B15: =Tabela1[[#This Row],[Perícia]] -> Iniciativa | C15: =Tabela1[[#This Row],[Total]] -> 3 | D15: =RANDBETWEEN(1,20) -> 7 | E15: =SUM(C15:D15) -> 10
... B31: =Tabela1[[#This Row],[Perícia]] -> Religião | C31: =Tabela1[[#This Row],[Total]] -> 5 | D31: =RANDBETWEEN(1,20) -> 7 | E31: =SUM(C31:D31) -> 12

Sheet Livro de Fórmulas
B2: Magia | C2: Tipo | D2: Círculo | E2: Custo | G2: Custo Círculo
G3: 1 | H3: 1
G4: 2 | H4: 3
G5: 3 | H5: 6
G6: 4 | H6: 10
G7: 5 | H7: 15
E17: =IFERROR(VLOOKUP(D17,$G$3:$H$7,2,FALSE)^2*10,"")
E18: =IFERROR(VLOOKUP(D18,$G$3:$H$7,2,FALSE)^2*10,"")
E19: =IFERROR(VLOOKUP(D19,$G$3:$H$7,2,FALSE)^2*10,"")
E20: =IFERROR(VLOOKUP(D20,$G$3:$H$7,2,FALSE)^2*10,"")
E21: =IFERROR(VLOOKUP(D21,$G$3:$H$7,2,FALSE)^2*10,"")
E22: =IFERROR(VLOOKUP(D22,$G$3:$H$7,2,FALSE)^2*10,"")
E23: =IFERROR(VLOOKUP(D23,$G$3:$H$7,2,FALSE)^2*10,"")
E24: =IFERROR(VLOOKUP(D24,$G$3:$H$7,2,FALSE)^2*10,"")
E25: =IFERROR(VLOOKUP(D25,$G$3:$H$7,2,FALSE)^2*10,"")
E26: =IFERROR(VLOOKUP(D26,$G$3:$H$7,2,FALSE)^2*10,"")
E27: =IFERROR(VLOOKUP(D27,$G$3:$H$7,2,FALSE)^2*10,"")
E28: =IFERROR(VLOOKUP(D28,$G$3:$H$7,2,FALSE)^2*10,"")
... E35: =IFERROR(VLOOKUP(D35,$G$3:$H$7,2,FALSE)^2*10,"")

Sheet Inventário
B2: Armaduras
B3: Item | C3: Bônus | D3: Penalidade | E3: Preço | F3: Peso
B4: Armadura de Couro | C4: 2 | D4: 0 | E4: 20 | F4: 7kg
B7: Armas
B8: Item | C8: Dano | D8: Modificação | E8: Especial | F8: Peso | G8: Tipo | H8: Crítico
B9: Ataque Desarmado | C9: 1d4 | G9: Impacto | H9: x2
B10: Bordão | C10: 1d6/1d6 | D10: Equilibrada | F10: 2 | G10: Impacto | H10: x2
B15: Itens
B16: Item | C16: Bônus | E16: Quantidade | F16: Peso Un. | G16: Peso | H16: Preço Un. | I16: Preço
B17: Coleção de Livros | C17: +1 Guerra | E17: 1 | F17: 0.1 | G17: =PRODUCT(E17:F17) -> 0.1 | I17: =PRODUCT(H17,E17) -> 1
G18: =PRODUCT(E18:F18) -> 0 | I18: =PRODUCT(H18,E18) -> 0
G19: =PRODUCT(E19:F19) -> 0 | I19: =PRODUCT(H19,E19) -> 0
G20: =PRODUCT(E20:F20) -> 0 | I20: =PRODUCT(H20,E20) -> 0
G21: =PRODUCT(E21:F21) -> 0 | I21: =PRODUCT(H21,E21) -> 0
B23: Capacidade | C23: =SUM(G17:G21,F9:F13,E4:E5) -> 22.1 | D23: =Ligma!C3*3 -> 48
B24: Capacidade Máxima | C24: =Ligma!C3*10 -> 160
B25: Status | C25: =IF(C23>D23,"Sobrecarga","Sem Penalidade") -> Sem Penalidade

Sheet Perícias
B2: Perícia | C2: ATR | D2: MOD | E2: 1/2 Nível | F2: Treino | G2: Raça | H2: Bônus | I2: Bônus Habilidade | J2: Total | K2: Treinada? | L2: Somente Treinada? | M2: Penalidade de Armadura? | O2: Bônus Treino
B3: Acrobacia | C3: Des | D3: =VLOOKUP(C3,Ligma!$B$3:$D$8,3,FALSE) -> 3 | E3: =VLOOKUP(Ligma!$G$2,'uns dados aí'!$I$3:$J$22,2,FALSE) -> 0 | F3: =IF(Tabela1[[#This Row],[Treinada?]]="sim",VLOOKUP(Ligma!$G$2,'uns dados aí'!$E$2:$F$4,2,TRUE),"") | J3: =SUM(Tabela1[[#This Row],[MOD]:[Bônus Habilidade]])-IF(Tabela1[[#This Row],[Penalidade de Armadura?]]="sim",Ligma!$D$16,0) -> 3 | K3: não | L3: — | M3: sim | O3: Nível 1 | P3: 2
B4: Adestramento | C4: Car | D4: =VLOOKUP(C4,Ligma!$B$3:$D$8,3,FALSE) -> 2 | E4: =VLOOKUP(Ligma!$G$2,'uns dados aí'!$I$3:$J$22,2,FALSE) -> 0 | F4: =IF(Tabela1[[#This Row],[Treinada?]]="sim",VLOOKUP(Ligma!$G$2,'uns dados aí'!$E$2:$F$4,2,TRUE),"") | J4: =SUM(Tabela1[[#This Row],[MOD]:[Bônus Habilidade]])-IF(Tabela1[[#This Row],[Penalidade de Armadura?]]="sim",Ligma!$D$16,0) -> 2 | K4: não | L4: sim | M4: — | O4: Nível 7 | P4: 4
B5: Atletismo | C5: For | D5: =VLOOKUP(C5,Ligma!$B$3:$D$8,3,FALSE) -> 3 | E5: =VLOOKUP(Ligma!$G$2,'uns dados aí'!$I$3:$J$22,2,FALSE) -> 0 | F5: =IF(Tabela1[[#This Row],[Treinada?]]="sim",VLOOKUP(Ligma!$G$2,'uns dados aí'!$E$2:$F$4,2,TRUE),"") | J5: =SUM(Tabela1[[#This Row],[MOD]:[Bônus Habilidade]])-IF(Tabela1[[#This Row],[Penalidade de Armadura?]]="sim",Ligma!$D$16,0) -> 3 | K5: não | L5: — | M5: — | O5: Nível 15 | P5: 6
B6: Atuação | C6: Car | D6: =VLOOKUP(C6,Ligma!$B$3:$D$8,3,FALSE) -> 2 | E6: =VLOOKUP(Ligma!$G$2,'uns dados aí'!$I$3:$J$22,2,FALSE) -> 0 | F6: =IF(Tabela1[[#This Row],[Treinada?]]="sim",VLOOKUP(Ligma!$G$2,'uns dados aí'!$E$2:$F$4,2,TRUE),"") | J6: =SUM(Tabela1[[#This Row],[MOD]:[Bônus Habilidade]])-IF(Tabela1[[#This Row],[Penalidade de Armadura?]]="sim",Ligma!$D$16,0) -> 2 | K6: não | L6: — | M6: —
B7: Cavalgar | C7: Des | D7: =VLOOKUP(C7,Ligma!$B$3:$D$8,3,FALSE) -> 3 | E7: =VLOOKUP(Ligma!$G$2,'uns dados aí'!$I$3:$J$22,2,FALSE) -> 0 | F7: =IF(Tabela1[[#This Row],[Treinada?]]="sim",VLOOKUP(Ligma!$G$2,'uns dados aí'!$E$2:$F$4,2,TRUE),"") | J7: =SUM(Tabela1[[#This Row],[MOD]:[Bônus Habilidade]])-IF(Tabela1[[#This Row],[Penalidade de Armadura?]]="sim",Ligma!$D$16,0) -> 3 | K7: não | L7: — | M7: — | O7: ATR Alterações
B8: Conhecimento | C8: Int | D8: =VLOOKUP(C8,Ligma!$B$3:$D$8,3,FALSE) -> 5 | E8: =VLOOKUP(Ligma!$G$2,'uns dados aí'!$I$3:$J$22,2,FALSE) -> 0 | F8: =IF(Tabela1[[#This Row],[Treinada?]]="sim",VLOOKUP(Ligma!$G$2,'uns dados aí'!$E$2:$F$4,2,TRUE),"") -> 2 | J8: =SUM(Tabela1[[#This Row],[MOD]:[Bônus Habilidade]])-IF(Tabela1[[#This Row],[Penalidade de Armadura?]]="sim",Ligma!$D$16,0) -> 7 | K8: sim | L8: sim | M8: — | O8: FOR | P8: =VLOOKUP(O8,'uns dados aí'!$B$16:$E$22,4,FALSE) -> 0
B9: Cura | C9: Sab | D9: =VLOOKUP(C9,Ligma!$B$3:$D$8,3,FALSE) -> 3 | E9: =VLOOKUP(Ligma!$G$2,'uns dados aí'!$I$3:$J$22,2,FALSE) -> 0 | F9: =IF(Tabela1[[#This Row],[Treinada?]]="sim",VLOOKUP(Ligma!$G$2,'uns dados aí'!$E$2:$F$4,2,TRUE),"") -> 2 | J9: =SUM(Tabela1[[#This Row],[MOD]:[Bônus Habilidade]])-IF(Tabela1[[#This Row],[Penalidade de Armadura?]]="sim",Ligma!$D$16,0) -> 5 | K9: sim | L9: — | M9: — | O9: DES | P9: =VLOOKUP(O9,'uns dados aí'!$B$16:$E$22,4,FALSE) -> 2
B10: Diplomacia | C10: Car | D10: =VLOOKUP(C10,Ligma!$B$3:$D$8,3,FALSE) -> 2 | E10: =VLOOKUP(Ligma!$G$2,'uns dados aí'!$I$3:$J$22,2,FALSE) -> 0 | F10: =IF(Tabela1[[#This Row],[Treinada?]]="sim",VLOOKUP(Ligma!$G$2,'uns dados aí'!$E$2:$F$4,2,TRUE),"") | J10: =SUM(Tabela1[[#This Row],[MOD]:[Bônus Habilidade]])-IF(Tabela1[[#This Row],[Penalidade de Armadura?]]="sim",Ligma!$D$16,0) -> 2 | K10: não | L10: — | M10: — | O10: CON | P10: =VLOOKUP(O10,'uns dados aí'!$B$16:$E$22,4,FALSE) -> -2
B11: Enganação | C11: Car | D11: =VLOOKUP(C11,Ligma!$B$3:$D$8,3,FALSE) -> 2 | E11: =VLOOKUP(Ligma!$G$2,'uns dados aí'!$I$3:$J$22,2,FALSE) -> 0 | F11: =IF(Tabela1[[#This Row],[Treinada?]]="sim",VLOOKUP(Ligma!$G$2,'uns dados aí'!$E$2:$F$4,2,TRUE),"") | J11: =SUM(Tabela1[[#This Row],[MOD]:[Bônus Habilidade]])-IF(Tabela1[[#This Row],[Penalidade de Armadura?]]="sim",Ligma!$D$16,0) -> 2 | K11: não | L11: — | M11: — | O11: INT | P11: =VLOOKUP(O11,'uns dados aí'!$B$16:$E$22,4,FALSE) -> 4
B12: Fortitude | C12: Con | D12: =VLOOKUP(C12,Ligma!$B$3:$D$8,3,FALSE) -> 1 | E12: =VLOOKUP(Ligma!$G$2,'uns dados aí'!$I$3:$J$22,2,FALSE) -> 0 | F12: =IF(Tabela1[[#This Row],[Treinada?]]="sim",VLOOKUP(Ligma!$G$2,'uns dados aí'!$E$2:$F$4,2,TRUE),"") | J12: =SUM(Tabela1[[#This Row],[MOD]:[Bônus Habilidade]])-IF(Tabela1[[#This Row],[Penalidade de Armadura?]]="sim",Ligma!$D$16,0) -> 1 | K12: não | L12: — | M12: — | O12: SAB | P12: =VLOOKUP(O12,'uns dados aí'!$B$16:$E$22,4,FALSE) -> 0
B13: Furtividade | C13: Des | D13: =VLOOKUP(C13,Ligma!$B$3:$D$8,3,FALSE) -> 3 | E13: =VLOOKUP(Ligma!$G$2,'uns dados aí'!$I$3:$J$22,2,FALSE) -> 0 | F13: =IF(Tabela1[[#This Row],[Treinada?]]="sim",VLOOKUP(Ligma!$G$2,'uns dados aí'!$E$2:$F$4,2,TRUE),"") | J13: =SUM(Tabela1[[#This Row],[MOD]:[Bônus Habilidade]])-IF(Tabela1[[#This Row],[Penalidade de Armadura?]]="sim",Ligma!$D$16,0) -> 3 | K13: não | L13: — | M13: sim | O13: CAR | P13: =VLOOKUP(O13,'uns dados aí'!$B$16:$E$22,4,FALSE) -> 0
B14: Guerra | C14: Int | D14: =VLOOKUP(C14,Ligma!$B$3:$D$8,3,FALSE) -> 5 | E14: =VLOOKUP(Ligma!$G$2,'uns dados aí'!$I$3:$J$22,2,FALSE) -> 0 | F14: =IF(Tabela1[[#This Row],[Treinada?]]="sim",VLOOKUP(Ligma!$G$2,'uns dados aí'!$E$2:$F$4,2,TRUE),"") -> 2 | H14: 1 | J14: =SUM(Tabela1[[#This Row],[MOD]:[Bônus Habilidade]])-IF(Tabela1[[#This Row],[Penalidade de Armadura?]]="sim",Ligma!$D$16,0) -> 8 | K14: sim | L14: sim | M14: —
B15: Iniciativa | C15: Des | D15: =VLOOKUP(C15,Ligma!$B$3:$D$8,3,FALSE) -> 3 | E15: =VLOOKUP(Ligma!$G$2,'uns dados aí'!$I$3:$J$22,2,FALSE) -> 0 | F15: =IF(Tabela1[[#This Row],[Treinada?]]="sim",VLOOKUP(Ligma!$G$2,'uns dados aí'!$E$2:$F$4,2,TRUE),"") | J15: =SUM(Tabela1[[#This Row],[MOD]:[Bônus Habilidade]])-IF(Tabela1[[#This Row],[Penalidade de Armadura?]]="sim",Ligma!$D$16,0) -> 3 | K15: não | L15: — | M15: —
B16: Intimidação | C16: Car | D16: =VLOOKUP(C16,Ligma!$B$3:$D$8,3,FALSE) -> 2 | E16: =VLOOKUP(Ligma!$G$2,'uns dados aí'!$I$3:$J$22,2,FALSE) -> 0 | F16: =IF(Tabela1[[#This Row],[Treinada?]]="sim",VLOOKUP(Ligma!$G$2,'uns dados aí'!$E$2:$F$4,2,TRUE),"") | J16: =SUM(Tabela1[[#This Row],[MOD]:[Bônus Habilidade]])-IF(Tabela1[[#This Row],[Penalidade de Armadura?]]="sim",Ligma!$D$16,0) -> 2 | K16: não | L16: — | M16: —
B17: Intuição | C17: Sab | D17: =VLOOKUP(C17,Ligma!$B$3:$D$8,3,FALSE) -> 3 | E17: =VLOOKUP(Ligma!$G$2,'uns dados aí'!$I$3:$J$22,2,FALSE) -> 0 | F17: =IF(Tabela1[[#This Row],[Treinada?]]="sim",VLOOKUP(Ligma!$G$2,'uns dados aí'!$E$2:$F$4,2,TRUE),"") | J17: =SUM(Tabela1[[#This Row],[MOD]:[Bônus Habilidade]])-IF(Tabela1[[#This Row],[Penalidade de Armadura?]]="sim",Ligma!$D$16,0) -> 3 | K17: não | L17: — | M17: —
B18: Investigação | C18: Int | D18: =VLOOKUP(C18,Ligma!$B$3:$D$8,3,FALSE) -> 5 | E18: =VLOOKUP(Ligma!$G$2,'uns dados aí'!$I$3:$J$22,2,FALSE) -> 0 | F18: =IF(Tabela1[[#This Row],[Treinada?]]="sim",VLOOKUP(Ligma!$G$2,'uns dados aí'!$E$2:$F$4,2,TRUE),"") -> 2 | J18: =SUM(Tabela1[[#This Row],[MOD]:[Bônus Habilidade]])-IF(Tabela1[[#This Row],[Penalidade de Armadura?]]="sim",Ligma!$D$16,0) -> 7 | K18: sim | L18: — | M18: —
B19: Jogatina | C19: Car | D19: =VLOOKUP(C19,Ligma!$B$3:$D$8,3,FALSE) -> 2 | E19: =VLOOKUP(Ligma!$G$2,'uns dados aí'!$I$3:$J$22,2,FALSE) -> 0 | F19: =IF(Tabela1[[#This Row],[Treinada?]]="sim",VLOOKUP(Ligma!$G$2,'uns dados aí'!$E$2:$F$4,2,TRUE),"") | J19: =SUM(Tabela1[[#This Row],[MOD]:[Bônus Habilidade]])-IF(Tabela1[[#This Row],[Penalidade de Armadura?]]="sim",Ligma!$D$16,0) -> 2 | K19: não | L19: sim | M19: —
B20: Ladinagem | C20: Des | D20: =VLOOKUP(C20,Ligma!$B$3:$D$8,3,FALSE) -> 3 | E20: =VLOOKUP(Ligma!$G$2,'uns dados aí'!$I$3:$J$22,2,FALSE) -> 0 | F20: =IF(Tabela1[[#This Row],[Treinada?]]="sim",VLOOKUP(Ligma!$G$2,'uns dados aí'!$E$2:$F$4,2,TRUE),"") | J20: =SUM(Tabela1[[#This Row],[MOD]:[Bônus Habilidade]])-IF(Tabela1[[#This Row],[Penalidade de Armadura?]]="sim",Ligma!$D$16,0) -> 3 | K20: não | L20: sim | M20: sim
B21: Luta | C21: For | D21: =VLOOKUP(C21,Ligma!$B$3:$D$8,3,FALSE) -> 3 | E21: =VLOOKUP(Ligma!$G$2,'uns dados aí'!$I$3:$J$22,2,FALSE) -> 0 | F21: =IF(Tabela1[[#This Row],[Treinada?]]="sim",VLOOKUP(Ligma!$G$2,'uns dados aí'!$E$2:$F$4,2,TRUE),"") -> 2 | J21: =SUM(Tabela1[[#This Row],[MOD]:[Bônus Habilidade]])-IF(Tabela1[[#This Row],[Penalidade de Armadura?]]="sim",Ligma!$D$16,0) -> 5 | K21: sim | L21: — | M21: —
B22: Misticismo | C22: Int | D22: =VLOOKUP(C22,Ligma!$B$3:$D$8,3,FALSE) -> 5 | E22: =VLOOKUP(Ligma!$G$2,'uns dados aí'!$I$3:$J$22,2,FALSE) -> 0 | F22: =IF(Tabela1[[#This Row],[Treinada?]]="sim",VLOOKUP(Ligma!$G$2,'uns dados aí'!$E$2:$F$4,2,TRUE),"") -> 2 | G22: 2 | J22: =SUM(Tabela1[[#This Row],[MOD]:[Bônus Habilidade]])-IF(Tabela1[[#This Row],[Penalidade de Armadura?]]="sim",Ligma!$D$16,0) -> 9 | K22: sim | L22: sim | M22: —
B23: Nobreza | C23: Int | D23: =VLOOKUP(C23,Ligma!$B$3:$D$8,3,FALSE) -> 5 | E23: =VLOOKUP(Ligma!$G$2,'uns dados aí'!$I$3:$J$22,2,FALSE) -> 0 | F23: =IF(Tabela1[[#This Row],[Treinada?]]="sim",VLOOKUP(Ligma!$G$2,'uns dados aí'!$E$2:$F$4,2,TRUE),"") | J23: =SUM(Tabela1[[#This Row],[MOD]:[Bônus Habilidade]])-IF(Tabela1[[#This Row],[Penalidade de Armadura?]]="sim",Ligma!$D$16,0) -> 5 | K23: não | L23: sim | M23: —
B24: Ofício (Alquimista) | C24: Int | D24: =VLOOKUP(C24,Ligma!$B$3:$D$8,3,FALSE) -> 5 | E24: =VLOOKUP(Ligma!$G$2,'uns dados aí'!$I$3:$J$22,2,FALSE) -> 0 | F24: =IF(Tabela1[[#This Row],[Treinada?]]="sim",VLOOKUP(Ligma!$G$2,'uns dados aí'!$E$2:$F$4,2,TRUE),"") -> 2 | J24: =SUM(Tabela1[[#This Row],[MOD]:[Bônus Habilidade]])-IF(Tabela1[[#This Row],[Penalidade de Armadura?]]="sim",Ligma!$D$16,0) -> 7 | K24: sim | L24: sim | M24: —
B25: Ofício (Armeiro) | C25: Int | D25: =VLOOKUP(C25,Ligma!$B$3:$D$8,3,FALSE) -> 5 | E25: =VLOOKUP(Ligma!$G$2,'uns dados aí'!$I$3:$J$22,2,FALSE) -> 0 | F25: =IF(Tabela1[[#This Row],[Treinada?]]="sim",VLOOKUP(Ligma!$G$2,'uns dados aí'!$E$2:$F$4,2,TRUE),"") -> 2 | J25: =SUM(Tabela1[[#This Row],[MOD]:[Bônus Habilidade]])-IF(Tabela1[[#This Row],[Penalidade de Armadura?]]="sim",Ligma!$D$16,0) -> 7 | K25: sim | L25: sim | M25: —
B26: Ofício (Engenhoqueiro) | C26: Int | D26: =VLOOKUP(C26,Ligma!$B$3:$D$8,3,FALSE) -> 5 | E26: =VLOOKUP(Ligma!$G$2,'uns dados aí'!$I$3:$J$22,2,FALSE) -> 0 | F26: =IF(Tabela1[[#This Row],[Treinada?]]="sim",VLOOKUP(Ligma!$G$2,'uns dados aí'!$E$2:$F$4,2,TRUE),"") -> 2 | J26: =SUM(Tabela1[[#This Row],[MOD]:[Bônus Habilidade]])-IF(Tabela1[[#This Row],[Penalidade de Armadura?]]="sim",Ligma!$D$16,0) -> 7 | K26: sim | L26: sim | M26: —
B27: Percepção | C27: Sab | D27: =VLOOKUP(C27,Ligma!$B$3:$D$8,3,FALSE) -> 3 | E27: =VLOOKUP(Ligma!$G$2,'uns dados aí'!$I$3:$J$22,2,FALSE) -> 0 | F27: =IF(Tabela1[[#This Row],[Treinada?]]="sim",VLOOKUP(Ligma!$G$2,'uns dados aí'!$E$2:$F$4,2,TRUE),"") -> 2 | G27: 2 | J27: =SUM(Tabela1[[#This Row],[MOD]:[Bônus Habilidade]])-IF(Tabela1[[#This Row],[Penalidade de Armadura?]]="sim",Ligma!$D$16,0) -> 7 | K27: sim | L27: — | M27: —
B28: Pilotagem | C28: Des | D28: =VLOOKUP(C28,Ligma!$B$3:$D$8,3,FALSE) -> 3 | E28: =VLOOKUP(Ligma!$G$2,'uns dados aí'!$I$3:$J$22,2,FALSE) -> 0 | F28: =IF(Tabela1[[#This Row],[Treinada?]]="sim",VLOOKUP(Ligma!$G$2,'uns dados aí'!$E$2:$F$4,2,TRUE),"") | J28: =SUM(Tabela1[[#This Row],[MOD]:[Bônus Habilidade]])-IF(Tabela1[[#This Row],[Penalidade de Armadura?]]="sim",Ligma!$D$16,0) -> 3 | K28: não | L28: sim | M28: —
B29: Pontaria | C29: Des | D29: =VLOOKUP(C29,Ligma!$B$3:$D$8,3,FALSE) -> 3 | E29: =VLOOKUP(Ligma!$G$2,'uns dados aí'!$I$3:$J$22,2,FALSE) -> 0 | F29: =IF(Tabela1[[#This Row],[Treinada?]]="sim",VLOOKUP(Ligma!$G$2,'uns dados aí'!$E$2:$F$4,2,TRUE),"") | J29: =SUM(Tabela1[[#This Row],[MOD]:[Bônus Habilidade]])-IF(Tabela1[[#This Row],[Penalidade de Armadura?]]="sim",Ligma!$D$16,0) -> 3 | K29: não | L29: — | M29: —
B30: Reflexos | C30: Des | D30: =VLOOKUP(C30,Ligma!$B$3:$D$8,3,FALSE) -> 3 | E30: =VLOOKUP(Ligma!$G$2,'uns dados aí'!$I$3:$J$22,2,FALSE) -> 0 | F30: =IF(Tabela1[[#This Row],[Treinada?]]="sim",VLOOKUP(Ligma!$G$2,'uns dados aí'!$E$2:$F$4,2,TRUE),"") -> 2 | J30: =SUM(Tabela1[[#This Row],[MOD]:[Bônus Habilidade]])-IF(Tabela1[[#This Row],[Penalidade de Armadura?]]="sim",Ligma!$D$16,0) -> 5 | K30: sim | L30: — | M30: —
B31: Religião | C31: Sab | D31: =VLOOKUP(C31,Ligma!$B$3:$D$8,3,FALSE) -> 3 | E31: =VLOOKUP(Ligma!$G$2,'uns dados aí'!$I$3:$J$22,2,FALSE) -> 0 | F31: =IF(Tabela1[[#This Row],[Treinada?]]="sim",VLOOKUP(Ligma!$G$2,'uns dados aí'!$E$2:$F$4,2,TRUE),"") -> 2 | J31: =SUM(Tabela1[[#This Row],[MOD]:[Bônus Habilidade]])-IF(Tabela1[[#This Row],[Penalidade de Armadura?]]="sim",Ligma!$D$16,0) -> 5 | K31: sim | L31: sim | M31: —
B32: Sobrevivência | C32: Sab | D32: =VLOOKUP(C32,Ligma!$B$3:$D$8,3,FALSE) -> 3 | E32: =VLOOKUP(Ligma!$G$2,'uns dados aí'!$I$3:$J$22,2,FALSE) -> 0 | F32: =IF(Tabela1[[#This Row],[Treinada?]]="sim",VLOOKUP(Ligma!$G$2,'uns dados aí'!$E$2:$F$4,2,TRUE),"") | J32: =SUM(Tabela1[[#This Row],[MOD]:[Bônus Habilidade]])-IF(Tabela1[[#This Row],[Penalidade de Armadura?]]="sim",Ligma!$D$16,0) -> 3 | K32: não | L32: — | M32: —
B33: Vontade | C33: Sab | D33: =VLOOKUP(C33,Ligma!$B$3:$D$8,3,FALSE) -> 3 | E33: =VLOOKUP(Ligma!$G$2,'uns dados aí'!$I$3:$J$22,2,FALSE) -> 0 | F33: =IF(Tabela1[[#This Row],[Treinada?]]="sim",VLOOKUP(Ligma!$G$2,'uns dados aí'!$E$2:$F$4,2,TRUE),"") -> 2 | J33: =SUM(Tabela1[[#This Row],[MOD]:[Bônus Habilidade]])-IF(Tabela1[[#This Row],[Penalidade de Armadura?]]="sim",Ligma!$D$16,0) -> 5 | K33: sim | L33: — | M33: —

Sheet Perícias (Cópia)
B2: Perícia | C2: ATR | D2: MOD | E2: 1/2 Nível | F2: Treino | G2: Raça | H2: Bônus | I2: Bônus Habilidade | J2: Total | K2: Treinada? | L2: Somente Treinada? | M2: Penalidade de Armadura? | O2: Bônus Treino
B3: Acrobacia | C3: Des | D3: =VLOOKUP(C3,Ligma!$B$3:$D$8,3,FALSE) -> 3 | E3: =VLOOKUP(Ligma!$G$2,'uns dados aí'!$I$3:$J$22,2,FALSE) -> 0 | F3: =IF(Tabela14[[#This Row],[Treinada?]]="sim",VLOOKUP(Ligma!$G$2,'uns dados aí'!$E$2:$F$4,2,TRUE),"") | J3: =SUM(Tabela14[[#This Row],[MOD]:[Bônus Habilidade]])-IF(Tabela14[[#This Row],[Penalidade de Armadura?]]="sim",Ligma!D16,0) -> 3 | K3: não | L3: — | M3: sim | O3: Nível 1 | P3: 2
B4: Adestramento | C4: Car | D4: =VLOOKUP(C4,Ligma!$B$3:$D$8,3,FALSE) -> 2 | E4: =VLOOKUP(Ligma!$G$2,'uns dados aí'!$I$3:$J$22,2,FALSE) -> 0 | F4: =IF(Tabela14[[#This Row],[Treinada?]]="sim",VLOOKUP(Ligma!$G$2,'uns dados aí'!$E$2:$F$4,2,TRUE),"") | J4: =SUM(Tabela14[[#This Row],[MOD]:[Bônus Habilidade]])-IF(Tabela14[[#This Row],[Penalidade de Armadura?]]="sim",Ligma!D17,0) -> 2 | K4: não | L4: sim | M4: — | O4: Nível 7 | P4: 4
B5: Atletismo | C5: For | D5: =VLOOKUP(C5,Ligma!$B$3:$D$8,3,FALSE) -> 3 | E5: =VLOOKUP(Ligma!$G$2,'uns dados aí'!$I$3:$J$22,2,FALSE) -> 0 | F5: =IF(Tabela14[[#This Row],[Treinada?]]="sim",VLOOKUP(Ligma!$G$2,'uns dados aí'!$E$2:$F$4,2,TRUE),"") | J5: =SUM(Tabela14[[#This Row],[MOD]:[Bônus Habilidade]])-IF(Tabela14[[#This Row],[Penalidade de Armadura?]]="sim",Poderes!C1,0) -> 3 | K5: não | L5: — | M5: — | O5: Nível 15 | P5: 6
B6: Atuação | C6: Car | D6: =VLOOKUP(C6,Ligma!$B$3:$D$8,3,FALSE) -> 2 | E6: =VLOOKUP(Ligma!$G$2,'uns dados aí'!$I$3:$J$22,2,FALSE) -> 0 | F6: =IF(Tabela14[[#This Row],[Treinada?]]="sim",VLOOKUP(Ligma!$G$2,'uns dados aí'!$E$2:$F$4,2,TRUE),"") | J6: =SUM(Tabela14[[#This Row],[MOD]:[Bônus Habilidade]])-IF(Tabela14[[#This Row],[Penalidade de Armadura?]]="sim",Poderes!C2,0) -> 2 | K6: não | L6: — | M6: —
B7: Cavalgar | C7: Des | D7: =VLOOKUP(C7,Ligma!$B$3:$D$8,3,FALSE) -> 3 | E7: =VLOOKUP(Ligma!$G$2,'uns dados aí'!$I$3:$J$22,2,FALSE) -> 0 | F7: =IF(Tabela14[[#This Row],[Treinada?]]="sim",VLOOKUP(Ligma!$G$2,'uns dados aí'!$E$2:$F$4,2,TRUE),"") | J7: =SUM(Tabela14[[#This Row],[MOD]:[Bônus Habilidade]])-IF(Tabela14[[#This Row],[Penalidade de Armadura?]]="sim",Poderes!C3,0) -> 3 | K7: não | L7: — | M7: — | O7: ATR Alterações
B8: Conhecimento | C8: Int | D8: =VLOOKUP(C8,Ligma!$B$3:$D$8,3,FALSE) -> 5 | E8: =VLOOKUP(Ligma!$G$2,'uns dados aí'!$I$3:$J$22,2,FALSE) -> 0 | F8: =IF(Tabela14[[#This Row],[Treinada?]]="sim",VLOOKUP(Ligma!$G$2,'uns dados aí'!$E$2:$F$4,2,TRUE),"") -> 2 | J8: =SUM(Tabela14[[#This Row],[MOD]:[Bônus Habilidade]])-IF(Tabela14[[#This Row],[Penalidade de Armadura?]]="sim",Poderes!C4,0) -> 7 | K8: sim | L8: sim | M8: — | O8: FOR | P8: =VLOOKUP(O8,'uns dados aí'!$B$16:$E$22,4,FALSE) -> 0
B9: Cura | C9: Sab | D9: =VLOOKUP(C9,Ligma!$B$3:$D$8,3,FALSE) -> 3 | E9: =VLOOKUP(Ligma!$G$2,'uns dados aí'!$I$3:$J$22,2,FALSE) -> 0 | F9: =IF(Tabela14[[#This Row],[Treinada?]]="sim",VLOOKUP(Ligma!$G$2,'uns dados aí'!$E$2:$F$4,2,TRUE),"") -> 2 | J9: =SUM(Tabela14[[#This Row],[MOD]:[Bônus Habilidade]])-IF(Tabela14[[#This Row],[Penalidade de Armadura?]]="sim",Poderes!C5,0) -> 5 | K9: sim | L9: — | M9: — | O9: DES | P9: =VLOOKUP(O9,'uns dados aí'!$B$16:$E$22,4,FALSE) -> 2
B10: Diplomacia | C10: Car | D10: =VLOOKUP(C10,Ligma!$B$3:$D$8,3,FALSE) -> 2 | E10: =VLOOKUP(Ligma!$G$2,'uns dados aí'!$I$3:$J$22,2,FALSE) -> 0 | F10: =IF(Tabela14[[#This Row],[Treinada?]]="sim",VLOOKUP(Ligma!$G$2,'uns dados aí'!$E$2:$F$4,2,TRUE),"") | J10: =SUM(Tabela14[[#This Row],[MOD]:[Bônus Habilidade]])-IF(Tabela14[[#This Row],[Penalidade de Armadura?]]="sim",Poderes!C6,0) -> 2 | K10: não | L10: — | M10: — | O10: CON | P10: =VLOOKUP(O10,'uns dados aí'!$B$16:$E$22,4,FALSE) -> -2
B11: Enganação | C11: Car | D11: =VLOOKUP(C11,Ligma!$B$3:$D$8,3,FALSE) -> 2 | E11: =VLOOKUP(Ligma!$G$2,'uns dados aí'!$I$3:$J$22,2,FALSE) -> 0 | F11: =IF(Tabela14[[#This Row],[Treinada?]]="sim",VLOOKUP(Ligma!$G$2,'uns dados aí'!$E$2:$F$4,2,TRUE),"") | J11: =SUM(Tabela14[[#This Row],[MOD]:[Bônus Habilidade]])-IF(Tabela14[[#This Row],[Penalidade de Armadura?]]="sim",Poderes!C7,0) -> 2 | K11: não | L11: — | M11: — | O11: INT | P11: =VLOOKUP(O11,'uns dados aí'!$B$16:$E$22,4,FALSE) -> 4
B12: Fortitude | C12: Con | D12: =VLOOKUP(C12,Ligma!$B$3:$D$8,3,FALSE) -> 1 | E12: =VLOOKUP(Ligma!$G$2,'uns dados aí'!$I$3:$J$22,2,FALSE) -> 0 | F12: =IF(Tabela14[[#This Row],[Treinada?]]="sim",VLOOKUP(Ligma!$G$2,'uns dados aí'!$E$2:$F$4,2,TRUE),"") | J12: =SUM(Tabela14[[#This Row],[MOD]:[Bônus Habilidade]])-IF(Tabela14[[#This Row],[Penalidade de Armadura?]]="sim",Poderes!C8,0) -> 1 | K12: não | L12: — | M12: — | O12: SAB | P12: =VLOOKUP(O12,'uns dados aí'!$B$16:$E$22,4,FALSE) -> 0
B13: Furtividade | C13: Des | D13: =VLOOKUP(C13,Ligma!$B$3:$D$8,3,FALSE) -> 3 | E13: =VLOOKUP(Ligma!$G$2,'uns dados aí'!$I$3:$J$22,2,FALSE) -> 0 | F13: =IF(Tabela14[[#This Row],[Treinada?]]="sim",VLOOKUP(Ligma!$G$2,'uns dados aí'!$E$2:$F$4,2,TRUE),"") | J13: =SUM(Tabela14[[#This Row],[MOD]:[Bônus Habilidade]])-IF(Tabela14[[#This Row],[Penalidade de Armadura?]]="sim",Poderes!C9,0) -> 3 | K13: não | L13: — | M13: sim | O13: CAR | P13: =VLOOKUP(O13,'uns dados aí'!$B$16:$E$22,4,FALSE) -> 0
B14: Guerra | C14: Int | D14: =VLOOKUP(C14,Ligma!$B$3:$D$8,3,FALSE) -> 5 | E14: =VLOOKUP(Ligma!$G$2,'uns dados aí'!$I$3:$J$22,2,FALSE) -> 0 | F14: =IF(Tabela14[[#This Row],[Treinada?]]="sim",VLOOKUP(Ligma!$G$2,'uns dados aí'!$E$2:$F$4,2,TRUE),"") -> 2 | H14: 1 | J14: =SUM(Tabela14[[#This Row],[MOD]:[Bônus Habilidade]])-IF(Tabela14[[#This Row],[Penalidade de Armadura?]]="sim",Poderes!C10,0) -> 8 | K14: sim | L14: sim | M14: —
B15: Iniciativa | C15: Des | D15: =VLOOKUP(C15,Ligma!$B$3:$D$8,3,FALSE) -> 3 | E15: =VLOOKUP(Ligma!$G$2,'uns dados aí'!$I$3:$J$22,2,FALSE) -> 0 | F15: =IF(Tabela14[[#This Row],[Treinada?]]="sim",VLOOKUP(Ligma!$G$2,'uns dados aí'!$E$2:$F$4,2,TRUE),"") | J15: =SUM(Tabela14[[#This Row],[MOD]:[Bônus Habilidade]])-IF(Tabela14[[#This Row],[Penalidade de Armadura?]]="sim",Poderes!C11,0) -> 3 | K15: não | L15: — | M15: —
B16: Intimidação | C16: Car | D16: =VLOOKUP(C16,Ligma!$B$3:$D$8,3,FALSE) -> 2 | E16: =VLOOKUP(Ligma!$G$2,'uns dados aí'!$I$3:$J$22,2,FALSE) -> 0 | F16: =IF(Tabela14[[#This Row],[Treinada?]]="sim",VLOOKUP(Ligma!$G$2,'uns dados aí'!$E$2:$F$4,2,TRUE),"") | J16: =SUM(Tabela14[[#This Row],[MOD]:[Bônus Habilidade]])-IF(Tabela14[[#This Row],[Penalidade de Armadura?]]="sim",Poderes!C12,0) -> 2 | K16: não | L16: — | M16: —
B17: Intuição | C17: Sab | D17: =VLOOKUP(C17,Ligma!$B$3:$D$8,3,FALSE) -> 3 | E17: =VLOOKUP(Ligma!$G$2,'uns dados aí'!$I$3:$J$22,2,FALSE) -> 0 | F17: =IF(Tabela14[[#This Row],[Treinada?]]="sim",VLOOKUP(Ligma!$G$2,'uns dados aí'!$E$2:$F$4,2,TRUE),"") | J17: =SUM(Tabela14[[#This Row],[MOD]:[Bônus Habilidade]])-IF(Tabela14[[#This Row],[Penalidade de Armadura?]]="sim",Poderes!C13,0) -> 3 | K17: não | L17: — | M17: —
B18: Investigação | C18: Int | D18: =VLOOKUP(C18,Ligma!$B$3:$D$8,3,FALSE) -> 5 | E18: =VLOOKUP(Ligma!$G$2,'uns dados aí'!$I$3:$J$22,2,FALSE) -> 0 | F18: =IF(Tabela14[[#This Row],[Treinada?]]="sim",VLOOKUP(Ligma!$G$2,'uns dados aí'!$E$2:$F$4,2,TRUE),"") -> 2 | J18: =SUM(Tabela14[[#This Row],[MOD]:[Bônus Habilidade]])-IF(Tabela14[[#This Row],[Penalidade de Armadura?]]="sim",Poderes!C14,0) -> 7 | K18: sim | L18: — | M18: —
B19: Jogatina | C19: Car | D19: =VLOOKUP(C19,Ligma!$B$3:$D$8,3,FALSE) -> 2 | E19: =VLOOKUP(Ligma!$G$2,'uns dados aí'!$I$3:$J$22,2,FALSE) -> 0 | F19: =IF(Tabela14[[#This Row],[Treinada?]]="sim",VLOOKUP(Ligma!$G$2,'uns dados aí'!$E$2:$F$4,2,TRUE),"") | J19: =SUM(Tabela14[[#This Row],[MOD]:[Bônus Habilidade]])-IF(Tabela14[[#This Row],[Penalidade de Armadura?]]="sim",Poderes!C15,0) -> 2 | K19: não | L19: sim | M19: —
B20: Ladinagem | C20: Des | D20: =VLOOKUP(C20,Ligma!$B$3:$D$8,3,FALSE) -> 3 | E20: =VLOOKUP(Ligma!$G$2,'uns dados aí'!$I$3:$J$22,2,FALSE) -> 0 | F20: =IF(Tabela14[[#This Row],[Treinada?]]="sim",VLOOKUP(Ligma!$G$2,'uns dados aí'!$E$2:$F$4,2,TRUE),"") | J20: =SUM(Tabela14[[#This Row],[MOD]:[Bônus Habilidade]])-IF(Tabela14[[#This Row],[Penalidade de Armadura?]]="sim",Poderes!C16,0) -> 3 | K20: não | L20: sim | M20: sim
B21: Luta | C21: For | D21: =VLOOKUP(C21,Ligma!$B$3:$D$8,3,FALSE) -> 3 | E21: =VLOOKUP(Ligma!$G$2,'uns dados aí'!$I$3:$J$22,2,FALSE) -> 0 | F21: =IF(Tabela14[[#This Row],[Treinada?]]="sim",VLOOKUP(Ligma!$G$2,'uns dados aí'!$E$2:$F$4,2,TRUE),"") -> 2 | J21: =SUM(Tabela14[[#This Row],[MOD]:[Bônus Habilidade]])-IF(Tabela14[[#This Row],[Penalidade de Armadura?]]="sim",Poderes!C17,0) -> 5 | K21: sim | L21: — | M21: —
B22: Misticismo | C22: Int | D22: =VLOOKUP(C22,Ligma!$B$3:$D$8,3,FALSE) -> 5 | E22: =VLOOKUP(Ligma!$G$2,'uns dados aí'!$I$3:$J$22,2,FALSE) -> 0 | F22: =IF(Tabela14[[#This Row],[Treinada?]]="sim",VLOOKUP(Ligma!$G$2,'uns dados aí'!$E$2:$F$4,2,TRUE),"") -> 2 | G22: 2 | J22: =SUM(Tabela14[[#This Row],[MOD]:[Bônus Habilidade]])-IF(Tabela14[[#This Row],[Penalidade de Armadura?]]="sim",Poderes!C18,0) -> 9 | K22: sim | L22: sim | M22: —
B23: Nobreza | C23: Int | D23: =VLOOKUP(C23,Ligma!$B$3:$D$8,3,FALSE) -> 5 | E23: =VLOOKUP(Ligma!$G$2,'uns dados aí'!$I$3:$J$22,2,FALSE) -> 0 | F23: =IF(Tabela14[[#This Row],[Treinada?]]="sim",VLOOKUP(Ligma!$G$2,'uns dados aí'!$E$2:$F$4,2,TRUE),"") | J23: =SUM(Tabela14[[#This Row],[MOD]:[Bônus Habilidade]])-IF(Tabela14[[#This Row],[Penalidade de Armadura?]]="sim",Poderes!C19,0) -> 5 | K23: não | L23: sim | M23: —
B24: Ofício (Alquimista) | C24: Int | D24: =VLOOKUP(C24,Ligma!$B$3:$D$8,3,FALSE) -> 5 | E24: =VLOOKUP(Ligma!$G$2,'uns dados aí'!$I$3:$J$22,2,FALSE) -> 0 | F24: =IF(Tabela14[[#This Row],[Treinada?]]="sim",VLOOKUP(Ligma!$G$2,'uns dados aí'!$E$2:$F$4,2,TRUE),"") -> 2 | J24: =SUM(Tabela14[[#This Row],[MOD]:[Bônus Habilidade]])-IF(Tabela14[[#This Row],[Penalidade de Armadura?]]="sim",Poderes!C20,0) -> 7 | K24: sim | L24: sim | M24: —
B25: Ofício (Armeiro) | C25: Int | D25: =VLOOKUP(C25,Ligma!$B$3:$D$8,3,FALSE) -> 5 | E25: =VLOOKUP(Ligma!$G$2,'uns dados aí'!$I$3:$J$22,2,FALSE) -> 0 | F25: =IF(Tabela14[[#This Row],[Treinada?]]="sim",VLOOKUP(Ligma!$G$2,'uns dados aí'!$E$2:$F$4,2,TRUE),"") -> 2 | J25: =SUM(Tabela14[[#This Row],[MOD]:[Bônus Habilidade]])-IF(Tabela14[[#This Row],[Penalidade de Armadura?]]="sim",Poderes!C21,0) -> 7 | K25: sim | L25: sim | M25: —
B26: Ofício (Engenhoqueiro) | C26: Int | D26: =VLOOKUP(C26,Ligma!$B$3:$D$8,3,FALSE) -> 5 | E26: =VLOOKUP(Ligma!$G$2,'uns dados aí'!$I$3:$J$22,2,FALSE) -> 0 | F26: =IF(Tabela14[[#This Row],[Treinada?]]="sim",VLOOKUP(Ligma!$G$2,'uns dados aí'!$E$2:$F$4,2,TRUE),"") -> 2 | J26: =SUM(Tabela14[[#This Row],[MOD]:[Bônus Habilidade]])-IF(Tabela14[[#This Row],[Penalidade de Armadura?]]="sim",Poderes!C22,0) -> 7 | K26: sim | L26: sim | M26: —
B27: Percepção | C27: Sab | D27: =VLOOKUP(C27,Ligma!$B$3:$D$8,3,FALSE) -> 3 | E27: =VLOOKUP(Ligma!$G$2,'uns dados aí'!$I$3:$J$22,2,FALSE) -> 0 | F27: =IF(Tabela14[[#This Row],[Treinada?]]="sim",VLOOKUP(Ligma!$G$2,'uns dados aí'!$E$2:$F$4,2,TRUE),"") -> 2 | G27: 2 | J27: =SUM(Tabela14[[#This Row],[MOD]:[Bônus Habilidade]])-IF(Tabela14[[#This Row],[Penalidade de Armadura?]]="sim",Ligma!D40,0) -> 7 | K27: sim | L27: — | M27: —
B28: Pilotagem | C28: Des | D28: =VLOOKUP(C28,Ligma!$B$3:$D$8,3,FALSE) -> 3 | E28: =VLOOKUP(Ligma!$G$2,'uns dados aí'!$I$3:$J$22,2,FALSE) -> 0 | F28: =IF(Tabela14[[#This Row],[Treinada?]]="sim",VLOOKUP(Ligma!$G$2,'uns dados aí'!$E$2:$F$4,2,TRUE),"") | J28: =SUM(Tabela14[[#This Row],[MOD]:[Bônus Habilidade]])-IF(Tabela14[[#This Row],[Penalidade de Armadura?]]="sim",Poderes!K1,0) -> 3 | K28: não | L28: sim | M28: —
B29: Pontaria | C29: Des | D29: =VLOOKUP(C29,Ligma!$B$3:$D$8,3,FALSE) -> 3 | E29: =VLOOKUP(Ligma!$G$2,'uns dados aí'!$I$3:$J$22,2,FALSE) -> 0 | F29: =IF(Tabela14[[#This Row],[Treinada?]]="sim",VLOOKUP(Ligma!$G$2,'uns dados aí'!$E$2:$F$4,2,TRUE),"") | J29: =SUM(Tabela14[[#This Row],[MOD]:[Bônus Habilidade]])-IF(Tabela14[[#This Row],[Penalidade de Armadura?]]="sim",Poderes!K2,0) -> 3 | K29: não | L29: — | M29: —
B30: Reflexos | C30: Des | D30: =VLOOKUP(C30,Ligma!$B$3:$D$8,3,FALSE) -> 3 | E30: =VLOOKUP(Ligma!$G$2,'uns dados aí'!$I$3:$J$22,2,FALSE) -> 0 | F30: =IF(Tabela14[[#This Row],[Treinada?]]="sim",VLOOKUP(Ligma!$G$2,'uns dados aí'!$E$2:$F$4,2,TRUE),"") -> 2 | J30: =SUM(Tabela14[[#This Row],[MOD]:[Bônus Habilidade]])-IF(Tabela14[[#This Row],[Penalidade de Armadura?]]="sim",Poderes!#REF!,0) -> 5 | K30: sim | L30: — | M30: —
B31: Religião | C31: Sab | D31: =VLOOKUP(C31,Ligma!$B$3:$D$8,3,FALSE) -> 3 | E31: =VLOOKUP(Ligma!$G$2,'uns dados aí'!$I$3:$J$22,2,FALSE) -> 0 | F31: =IF(Tabela14[[#This Row],[Treinada?]]="sim",VLOOKUP(Ligma!$G$2,'uns dados aí'!$E$2:$F$4,2,TRUE),"") -> 2 | J31: =SUM(Tabela14[[#This Row],[MOD]:[Bônus Habilidade]])-IF(Tabela14[[#This Row],[Penalidade de Armadura?]]="sim",Poderes!#REF!,0) -> 5 | K31: sim | L31: sim | M31: —
B32: Sobrevivência | C32: Sab | D32: =VLOOKUP(C32,Ligma!$B$3:$D$8,3,FALSE) -> 3 | E32: =VLOOKUP(Ligma!$G$2,'uns dados aí'!$I$3:$J$22,2,FALSE) -> 0 | F32: =IF(Tabela14[[#This Row],[Treinada?]]="sim",VLOOKUP(Ligma!$G$2,'uns dados aí'!$E$2:$F$4,2,TRUE),"") | J32: =SUM(Tabela14[[#This Row],[MOD]:[Bônus Habilidade]])-IF(Tabela14[[#This Row],[Penalidade de Armadura?]]="sim",Poderes!#REF!,0) -> 3 | K32: não | L32: — | M32: —
B33: Vontade | C33: Sab | D33: =VLOOKUP(C33,Ligma!$B$3:$D$8,3,FALSE) -> 3 | E33: =VLOOKUP(Ligma!$G$2,'uns dados aí'!$I$3:$J$22,2,FALSE) -> 0 | F33: =IF(Tabela14[[#This Row],[Treinada?]]="sim",VLOOKUP(Ligma!$G$2,'uns dados aí'!$E$2:$F$4,2,TRUE),"") -> 2 | J33: =SUM(Tabela14[[#This Row],[MOD]:[Bônus Habilidade]])-IF(Tabela14[[#This Row],[Penalidade de Armadura?]]="sim",Poderes!#REF!,0) -> 5 | K33: sim | L33: — | M33: —

Sheet uns dados aí
B2: ATR Base | E2: 1 | F2: 2 | H2: Pontos de Experiência | I2: Nível de Personagem | J2: Bônus em Perícias | L2: PV classe | M2: =12+Ligma!D5 -> 13
B3: FOR | C3: 16 | E3: 7 | F3: 4 | H3: 0 | I3: 1 | J3: =ROUNDDOWN(I3/2,0) -> 0 | L3: PM classe | M3: 4
B4: DES | C4: 15 | E4: 15 | F4: 6 | H4: 1000 | I4: 2 | J4: =ROUNDDOWN(I4/2,0) -> 1 | L4: PM raça | M4: 1
B5: CON | C5: 15 | H5: 3000 | I5: 3 | J5: =ROUNDDOWN(I5/2,0) -> 1
B6: INT | C6: 16 | H6: 6000 | I6: 4 | J6: =ROUNDDOWN(I6/2,0) -> 2
B7: SAB | C7: 16 | H7: 10000 | I7: 5 | J7: =ROUNDDOWN(I7/2,0) -> 2
B8: CAR | C8: 14 | H8: 15000 | I8: 6 | J8: =ROUNDDOWN(I8/2,0) -> 3
H9: 21000 | I9: 7 | J9: =ROUNDDOWN(I9/2,0) -> 3
H10: 28000 | I10: 8 | J10: =ROUNDDOWN(I10/2,0) -> 4
H11: 36000 | I11: 9 | J11: =ROUNDDOWN(I11/2,0) -> 4
B12: PV P/nv | C12: =3+Ligma!D5 -> 4 | H12: 45000 | I12: 10 | J12: =ROUNDDOWN(I12/2,0) -> 5
B13: Mana P/nv | C13: =SUM(M3:M4) -> 5 | H13: 55000 | I13: 11 | J13: =ROUNDDOWN(I13/2,0) -> 5
H14: 66000 | I14: 12 | J14: =ROUNDDOWN(I14/2,0) -> 6
H15: 78000 | I15: 13 | J15: =ROUNDDOWN(I15/2,0) -> 6
B16: ATR | C16: Bônus Raça | D16: Aumento ATR | E16: Total | H16: 91000 | I16: 14 | J16: =ROUNDDOWN(I16/2,0) -> 7
B17: FOR | C17: 0 | E17: =SUM(C17:D17) -> 0 | H17: 105000 | I17: 15 | J17: =ROUNDDOWN(I17/2,0) -> 7
B18: DES | C18: 2 | E18: =SUM(C18:D18) -> 2 | H18: 120000 | I18: 16 | J18: =ROUNDDOWN(I18/2,0) -> 8
B19: CON | C19: -2 | E19: =SUM(C19:D19) -> -2 | H19: 136000 | I19: 17 | J19: =ROUNDDOWN(I19/2,0) -> 8
B20: INT | C20: 4 | E20: =SUM(C20:D20) -> 4 | H20: 153000 | I20: 18 | J20: =ROUNDDOWN(I20/2,0) -> 9
B21: SAB | C21: 0 | E21: =SUM(C21:D21) -> 0 | H21: 171000 | I21: 19 | J21: =ROUNDDOWN(I21/2,0) -> 9
B22: CAR | C22: 0 | E22: =SUM(C22:D22) -> 0 | H22: 190000 | I22: 20 | J22: =ROUNDDOWN(I22/2,0) -> 10
